ID,When,Type,Unit,Alberta,ModifiedDate
152283,04-01-1983 12:00:00 AM,WTI,$US/bbl,30.5,09-17-2021 09:42:06 AM
152284,05-01-1983 12:00:00 AM,WTI,$US/bbl,30.16,09-17-2021 09:42:06 AM
152285,06-01-1983 12:00:00 AM,WTI,$US/bbl,30.96,09-17-2021 09:42:06 AM
152286,07-01-1983 12:00:00 AM,WTI,$US/bbl,31.59,09-17-2021 09:42:06 AM
152287,08-01-1983 12:00:00 AM,WTI,$US/bbl,31.88,09-17-2021 09:42:06 AM
152288,09-01-1983 12:00:00 AM,WTI,$US/bbl,31.24,09-17-2021 09:42:06 AM
152289,10-01-1983 12:00:00 AM,WTI,$US/bbl,30.4,09-17-2021 09:42:06 AM
152290,11-01-1983 12:00:00 AM,WTI,$US/bbl,29.86,09-17-2021 09:42:06 AM
152291,12-01-1983 12:00:00 AM,WTI,$US/bbl,29.24,09-17-2021 09:42:06 AM
152292,01-01-1984 12:00:00 AM,WTI,$US/bbl,29.65,09-17-2021 09:42:06 AM
152293,02-01-1984 12:00:00 AM,WTI,$US/bbl,30.05,09-17-2021 09:42:06 AM
152294,03-01-1984 12:00:00 AM,WTI,$US/bbl,30.72,09-17-2021 09:42:06 AM
152295,04-01-1984 12:00:00 AM,WTI,$US/bbl,30.65,09-17-2021 09:42:06 AM
152296,05-01-1984 12:00:00 AM,WTI,$US/bbl,30.55,09-17-2021 09:42:06 AM
152297,06-01-1984 12:00:00 AM,WTI,$US/bbl,29.98,09-17-2021 09:42:06 AM
152298,07-01-1984 12:00:00 AM,WTI,$US/bbl,28.74,09-17-2021 09:42:06 AM
152299,08-01-1984 12:00:00 AM,WTI,$US/bbl,29.33,09-17-2021 09:42:06 AM
152300,09-01-1984 12:00:00 AM,WTI,$US/bbl,29.38,09-17-2021 09:42:06 AM
152301,10-01-1984 12:00:00 AM,WTI,$US/bbl,28.8,09-17-2021 09:42:06 AM
152302,11-01-1984 12:00:00 AM,WTI,$US/bbl,28.11,09-17-2021 09:42:06 AM
152303,12-01-1984 12:00:00 AM,WTI,$US/bbl,26.91,09-17-2021 09:42:06 AM
152304,01-01-1985 12:00:00 AM,WTI,$US/bbl,25.64,09-17-2021 09:42:06 AM
152305,02-01-1985 12:00:00 AM,WTI,$US/bbl,27.14,09-17-2021 09:42:06 AM
152306,03-01-1985 12:00:00 AM,WTI,$US/bbl,28.12,09-17-2021 09:42:06 AM
152307,04-01-1985 12:00:00 AM,WTI,$US/bbl,28.71,09-17-2021 09:42:06 AM
152308,05-01-1985 12:00:00 AM,WTI,$US/bbl,27.58,09-17-2021 09:42:06 AM
152309,06-01-1985 12:00:00 AM,WTI,$US/bbl,27.09,09-17-2021 09:42:06 AM
152310,07-01-1985 12:00:00 AM,WTI,$US/bbl,27.27,09-17-2021 09:42:06 AM
152311,08-01-1985 12:00:00 AM,WTI,$US/bbl,27.74,09-17-2021 09:42:06 AM
152312,09-01-1985 12:00:00 AM,WTI,$US/bbl,28.22,09-17-2021 09:42:06 AM
152313,10-01-1985 12:00:00 AM,WTI,$US/bbl,29.48,09-17-2021 09:42:06 AM
152314,11-01-1985 12:00:00 AM,WTI,$US/bbl,30.73,09-17-2021 09:42:06 AM
152315,12-01-1985 12:00:00 AM,WTI,$US/bbl,27.15,09-17-2021 09:42:06 AM
152316,01-01-1986 12:00:00 AM,WTI,$US/bbl,22.98,09-17-2021 09:42:06 AM
152317,02-01-1986 12:00:00 AM,WTI,$US/bbl,15.46,09-17-2021 09:42:06 AM
152318,03-01-1986 12:00:00 AM,WTI,$US/bbl,12.62,09-17-2021 09:42:06 AM
152319,04-01-1986 12:00:00 AM,WTI,$US/bbl,12.75,09-17-2021 09:42:06 AM
152320,05-01-1986 12:00:00 AM,WTI,$US/bbl,15.26,09-17-2021 09:42:06 AM
152321,06-01-1986 12:00:00 AM,WTI,$US/bbl,13.38,09-17-2021 09:42:06 AM
152322,07-01-1986 12:00:00 AM,WTI,$US/bbl,11.58,09-17-2021 09:42:06 AM
152323,08-01-1986 12:00:00 AM,WTI,$US/bbl,15.11,09-17-2021 09:42:06 AM
152324,09-01-1986 12:00:00 AM,WTI,$US/bbl,14.94,09-17-2021 09:42:06 AM
152325,10-01-1986 12:00:00 AM,WTI,$US/bbl,14.89,09-17-2021 09:42:06 AM
152326,11-01-1986 12:00:00 AM,WTI,$US/bbl,15.23,09-17-2021 09:42:06 AM
152327,12-01-1986 12:00:00 AM,WTI,$US/bbl,16.09,09-17-2021 09:42:06 AM
152328,01-01-1987 12:00:00 AM,WTI,$US/bbl,18.67,09-17-2021 09:42:06 AM
152329,02-01-1987 12:00:00 AM,WTI,$US/bbl,17.73,09-17-2021 09:42:06 AM
152330,03-01-1987 12:00:00 AM,WTI,$US/bbl,18.28,09-17-2021 09:42:06 AM
152331,04-01-1987 12:00:00 AM,WTI,$US/bbl,18.6,09-17-2021 09:42:06 AM
152332,05-01-1987 12:00:00 AM,WTI,$US/bbl,19.33,09-17-2021 09:42:06 AM
152333,06-01-1987 12:00:00 AM,WTI,$US/bbl,19.99,09-17-2021 09:42:06 AM
152334,07-01-1987 12:00:00 AM,WTI,$US/bbl,21.33,09-17-2021 09:42:06 AM
152335,08-01-1987 12:00:00 AM,WTI,$US/bbl,20.23,09-17-2021 09:42:06 AM
152336,09-01-1987 12:00:00 AM,WTI,$US/bbl,19.52,09-17-2021 09:42:06 AM
152337,10-01-1987 12:00:00 AM,WTI,$US/bbl,19.86,09-17-2021 09:42:06 AM
152338,11-01-1987 12:00:00 AM,WTI,$US/bbl,18.85,09-17-2021 09:42:06 AM
152339,12-01-1987 12:00:00 AM,WTI,$US/bbl,17.26,09-17-2021 09:42:06 AM
152340,01-01-1988 12:00:00 AM,WTI,$US/bbl,17.15,09-17-2021 09:42:06 AM
152341,02-01-1988 12:00:00 AM,WTI,$US/bbl,16.76,09-17-2021 09:42:06 AM
152342,03-01-1988 12:00:00 AM,WTI,$US/bbl,16.21,09-17-2021 09:42:06 AM
152343,04-01-1988 12:00:00 AM,WTI,$US/bbl,17.88,09-17-2021 09:42:06 AM
152344,05-01-1988 12:00:00 AM,WTI,$US/bbl,17.45,09-17-2021 09:42:06 AM
152345,06-01-1988 12:00:00 AM,WTI,$US/bbl,16.56,09-17-2021 09:42:06 AM
152346,07-01-1988 12:00:00 AM,WTI,$US/bbl,15.51,09-17-2021 09:42:06 AM
152347,08-01-1988 12:00:00 AM,WTI,$US/bbl,15.53,09-17-2021 09:42:06 AM
152348,09-01-1988 12:00:00 AM,WTI,$US/bbl,14.46,09-17-2021 09:42:06 AM
152349,10-01-1988 12:00:00 AM,WTI,$US/bbl,13.8,09-17-2021 09:42:06 AM
152350,11-01-1988 12:00:00 AM,WTI,$US/bbl,13.98,09-17-2021 09:42:06 AM
152351,12-01-1988 12:00:00 AM,WTI,$US/bbl,16.28,09-17-2021 09:42:06 AM
152352,01-01-1989 12:00:00 AM,WTI,$US/bbl,17.98,09-17-2021 09:42:06 AM
152353,02-01-1989 12:00:00 AM,WTI,$US/bbl,17.82,09-17-2021 09:42:06 AM
152354,03-01-1989 12:00:00 AM,WTI,$US/bbl,19.44,09-17-2021 09:42:06 AM
152355,04-01-1989 12:00:00 AM,WTI,$US/bbl,20.94,09-17-2021 09:42:06 AM
152356,05-01-1989 12:00:00 AM,WTI,$US/bbl,20.03,09-17-2021 09:42:06 AM
152357,06-01-1989 12:00:00 AM,WTI,$US/bbl,19.99,09-17-2021 09:42:06 AM
152358,07-01-1989 12:00:00 AM,WTI,$US/bbl,19.66,09-17-2021 09:42:06 AM
152359,08-01-1989 12:00:00 AM,WTI,$US/bbl,18.55,09-17-2021 09:42:06 AM
152360,09-01-1989 12:00:00 AM,WTI,$US/bbl,19.59,09-17-2021 09:42:06 AM
152361,10-01-1989 12:00:00 AM,WTI,$US/bbl,20.1,09-17-2021 09:42:06 AM
152362,11-01-1989 12:00:00 AM,WTI,$US/bbl,19.83,09-17-2021 09:42:06 AM
152363,12-01-1989 12:00:00 AM,WTI,$US/bbl,21.09,09-17-2021 09:42:06 AM
152364,01-01-1990 12:00:00 AM,WTI,$US/bbl,22.64,09-17-2021 09:42:06 AM
152365,02-01-1990 12:00:00 AM,WTI,$US/bbl,22.11,09-17-2021 09:42:06 AM
152366,03-01-1990 12:00:00 AM,WTI,$US/bbl,20.41,09-17-2021 09:42:06 AM
152367,04-01-1990 12:00:00 AM,WTI,$US/bbl,18.58,09-17-2021 09:42:06 AM
152368,05-01-1990 12:00:00 AM,WTI,$US/bbl,18.46,09-17-2021 09:42:06 AM
152369,06-01-1990 12:00:00 AM,WTI,$US/bbl,16.86,09-17-2021 09:42:06 AM
152370,07-01-1990 12:00:00 AM,WTI,$US/bbl,18.64,09-17-2021 09:42:06 AM
152371,08-01-1990 12:00:00 AM,WTI,$US/bbl,27.18,09-17-2021 09:42:06 AM
152372,09-01-1990 12:00:00 AM,WTI,$US/bbl,33.69,09-17-2021 09:42:06 AM
152373,10-01-1990 12:00:00 AM,WTI,$US/bbl,35.92,09-17-2021 09:42:06 AM
152374,11-01-1990 12:00:00 AM,WTI,$US/bbl,32.3,09-17-2021 09:42:06 AM
152375,12-01-1990 12:00:00 AM,WTI,$US/bbl,27.16,09-17-2021 09:42:06 AM
152376,01-01-1991 12:00:00 AM,WTI,$US/bbl,24.7,09-17-2021 09:42:06 AM
152377,02-01-1991 12:00:00 AM,WTI,$US/bbl,20.54,09-17-2021 09:42:06 AM
152378,03-01-1991 12:00:00 AM,WTI,$US/bbl,19.88,09-17-2021 09:42:06 AM
152379,04-01-1991 12:00:00 AM,WTI,$US/bbl,20.82,09-17-2021 09:42:06 AM
152380,05-01-1991 12:00:00 AM,WTI,$US/bbl,21.25,09-17-2021 09:42:06 AM
152381,06-01-1991 12:00:00 AM,WTI,$US/bbl,20.2,09-17-2021 09:42:06 AM
152382,07-01-1991 12:00:00 AM,WTI,$US/bbl,21.43,09-17-2021 09:42:06 AM
152383,08-01-1991 12:00:00 AM,WTI,$US/bbl,21.68,09-17-2021 09:42:06 AM
152384,09-01-1991 12:00:00 AM,WTI,$US/bbl,21.86,09-17-2021 09:42:06 AM
152385,10-01-1991 12:00:00 AM,WTI,$US/bbl,23.23,09-17-2021 09:42:06 AM
152386,11-01-1991 12:00:00 AM,WTI,$US/bbl,22.43,09-17-2021 09:42:06 AM
152387,12-01-1991 12:00:00 AM,WTI,$US/bbl,19.53,09-17-2021 09:42:06 AM
152388,01-01-1992 12:00:00 AM,WTI,$US/bbl,18.82,09-17-2021 09:42:06 AM
152389,02-01-1992 12:00:00 AM,WTI,$US/bbl,19.01,09-17-2021 09:42:06 AM
152390,03-01-1992 12:00:00 AM,WTI,$US/bbl,18.95,09-17-2021 09:42:06 AM
152391,04-01-1992 12:00:00 AM,WTI,$US/bbl,20.26,09-17-2021 09:42:06 AM
152392,05-01-1992 12:00:00 AM,WTI,$US/bbl,21,09-17-2021 09:42:06 AM
152393,06-01-1992 12:00:00 AM,WTI,$US/bbl,22.36,09-17-2021 09:42:06 AM
152394,07-01-1992 12:00:00 AM,WTI,$US/bbl,21.74,09-17-2021 09:42:06 AM
152395,08-01-1992 12:00:00 AM,WTI,$US/bbl,21.29,09-17-2021 09:42:06 AM
152396,09-01-1992 12:00:00 AM,WTI,$US/bbl,21.92,09-17-2021 09:42:06 AM
152397,10-01-1992 12:00:00 AM,WTI,$US/bbl,21.71,09-17-2021 09:42:06 AM
152398,11-01-1992 12:00:00 AM,WTI,$US/bbl,20.36,09-17-2021 09:42:06 AM
152399,12-01-1992 12:00:00 AM,WTI,$US/bbl,19.41,09-17-2021 09:42:06 AM
152400,01-01-1993 12:00:00 AM,WTI,$US/bbl,19.07,09-17-2021 09:42:06 AM
152401,02-01-1993 12:00:00 AM,WTI,$US/bbl,20.08,09-17-2021 09:42:06 AM
152402,03-01-1993 12:00:00 AM,WTI,$US/bbl,20.35,09-17-2021 09:42:06 AM
152403,04-01-1993 12:00:00 AM,WTI,$US/bbl,20.33,09-17-2021 09:42:06 AM
152404,05-01-1993 12:00:00 AM,WTI,$US/bbl,19.98,09-17-2021 09:42:06 AM
152405,06-01-1993 12:00:00 AM,WTI,$US/bbl,19.13,09-17-2021 09:42:06 AM
152406,07-01-1993 12:00:00 AM,WTI,$US/bbl,17.9,09-17-2021 09:42:06 AM
152407,08-01-1993 12:00:00 AM,WTI,$US/bbl,18.01,09-17-2021 09:42:06 AM
152408,09-01-1993 12:00:00 AM,WTI,$US/bbl,17.52,09-17-2021 09:42:06 AM
152409,10-01-1993 12:00:00 AM,WTI,$US/bbl,18.17,09-17-2021 09:42:06 AM
152410,11-01-1993 12:00:00 AM,WTI,$US/bbl,16.74,09-17-2021 09:42:06 AM
152411,12-01-1993 12:00:00 AM,WTI,$US/bbl,14.53,09-17-2021 09:42:06 AM
152412,01-01-1994 12:00:00 AM,WTI,$US/bbl,15.02,09-17-2021 09:42:06 AM
152413,02-01-1994 12:00:00 AM,WTI,$US/bbl,14.78,09-17-2021 09:42:06 AM
152414,03-01-1994 12:00:00 AM,WTI,$US/bbl,14.65,09-17-2021 09:42:06 AM
152415,04-01-1994 12:00:00 AM,WTI,$US/bbl,16.33,09-17-2021 09:42:06 AM
152416,05-01-1994 12:00:00 AM,WTI,$US/bbl,17.83,09-17-2021 09:42:06 AM
152417,06-01-1994 12:00:00 AM,WTI,$US/bbl,19.07,09-17-2021 09:42:06 AM
152418,07-01-1994 12:00:00 AM,WTI,$US/bbl,19.66,09-17-2021 09:42:06 AM
152419,08-01-1994 12:00:00 AM,WTI,$US/bbl,18.38,09-17-2021 09:42:06 AM
152420,09-01-1994 12:00:00 AM,WTI,$US/bbl,17.47,09-17-2021 09:42:06 AM
152421,10-01-1994 12:00:00 AM,WTI,$US/bbl,17.71,09-17-2021 09:42:06 AM
152422,11-01-1994 12:00:00 AM,WTI,$US/bbl,18.1,09-17-2021 09:42:06 AM
152423,12-01-1994 12:00:00 AM,WTI,$US/bbl,17.16,09-17-2021 09:42:06 AM
152424,01-01-1995 12:00:00 AM,WTI,$US/bbl,17.99,09-17-2021 09:42:06 AM
152425,02-01-1995 12:00:00 AM,WTI,$US/bbl,18.53,09-17-2021 09:42:06 AM
152426,03-01-1995 12:00:00 AM,WTI,$US/bbl,18.55,09-17-2021 09:42:06 AM
152427,04-01-1995 12:00:00 AM,WTI,$US/bbl,19.89,09-17-2021 09:42:06 AM
152428,05-01-1995 12:00:00 AM,WTI,$US/bbl,19.74,09-17-2021 09:42:06 AM
152429,06-01-1995 12:00:00 AM,WTI,$US/bbl,18.4,09-17-2021 09:42:06 AM
152430,07-01-1995 12:00:00 AM,WTI,$US/bbl,17.26,09-17-2021 09:42:06 AM
152431,08-01-1995 12:00:00 AM,WTI,$US/bbl,17.81,09-17-2021 09:42:06 AM
152432,09-01-1995 12:00:00 AM,WTI,$US/bbl,18.21,09-17-2021 09:42:06 AM
152433,10-01-1995 12:00:00 AM,WTI,$US/bbl,17.4,09-17-2021 09:42:06 AM
152434,11-01-1995 12:00:00 AM,WTI,$US/bbl,18,09-17-2021 09:42:06 AM
152435,12-01-1995 12:00:00 AM,WTI,$US/bbl,19.04,09-17-2021 09:42:06 AM
152436,01-01-1996 12:00:00 AM,WTI,$US/bbl,18.7,09-17-2021 09:42:06 AM
152437,02-01-1996 12:00:00 AM,WTI,$US/bbl,18.78,09-17-2021 09:42:06 AM
152438,03-01-1996 12:00:00 AM,WTI,$US/bbl,21.18,09-17-2021 09:42:06 AM
152439,04-01-1996 12:00:00 AM,WTI,$US/bbl,23.3,09-17-2021 09:42:06 AM
152440,05-01-1996 12:00:00 AM,WTI,$US/bbl,21.09,09-17-2021 09:42:06 AM
152441,06-01-1996 12:00:00 AM,WTI,$US/bbl,20.43,09-17-2021 09:42:06 AM
152442,07-01-1996 12:00:00 AM,WTI,$US/bbl,21.25,09-17-2021 09:42:06 AM
152443,08-01-1996 12:00:00 AM,WTI,$US/bbl,21.91,09-17-2021 09:42:06 AM
152444,09-01-1996 12:00:00 AM,WTI,$US/bbl,23.93,09-17-2021 09:42:06 AM
152445,10-01-1996 12:00:00 AM,WTI,$US/bbl,24.9,09-17-2021 09:42:06 AM
152446,11-01-1996 12:00:00 AM,WTI,$US/bbl,23.55,09-17-2021 09:42:06 AM
152447,12-01-1996 12:00:00 AM,WTI,$US/bbl,25.12,09-17-2021 09:42:06 AM
152448,01-01-1997 12:00:00 AM,WTI,$US/bbl,25.18,09-17-2021 09:42:06 AM
152449,02-01-1997 12:00:00 AM,WTI,$US/bbl,22.17,09-17-2021 09:42:06 AM
152450,03-01-1997 12:00:00 AM,WTI,$US/bbl,20.97,09-17-2021 09:42:06 AM
152451,04-01-1997 12:00:00 AM,WTI,$US/bbl,19.73,09-17-2021 09:42:06 AM
152452,05-01-1997 12:00:00 AM,WTI,$US/bbl,20.87,09-17-2021 09:42:06 AM
152453,06-01-1997 12:00:00 AM,WTI,$US/bbl,19.22,09-17-2021 09:42:06 AM
152454,07-01-1997 12:00:00 AM,WTI,$US/bbl,19.66,09-17-2021 09:42:06 AM
152455,08-01-1997 12:00:00 AM,WTI,$US/bbl,19.95,09-17-2021 09:42:06 AM
152456,09-01-1997 12:00:00 AM,WTI,$US/bbl,19.78,09-17-2021 09:42:06 AM
152457,10-01-1997 12:00:00 AM,WTI,$US/bbl,21.28,09-17-2021 09:42:06 AM
152458,11-01-1997 12:00:00 AM,WTI,$US/bbl,20.22,09-17-2021 09:42:06 AM
152459,12-01-1997 12:00:00 AM,WTI,$US/bbl,18.32,09-17-2021 09:42:06 AM
152460,01-01-1998 12:00:00 AM,WTI,$US/bbl,16.73,09-17-2021 09:42:06 AM
152461,02-01-1998 12:00:00 AM,WTI,$US/bbl,16.08,09-17-2021 09:42:06 AM
152462,03-01-1998 12:00:00 AM,WTI,$US/bbl,15.04,09-17-2021 09:42:06 AM
152463,04-01-1998 12:00:00 AM,WTI,$US/bbl,15.46,09-17-2021 09:42:06 AM
152464,05-01-1998 12:00:00 AM,WTI,$US/bbl,14.93,09-17-2021 09:42:06 AM
152465,06-01-1998 12:00:00 AM,WTI,$US/bbl,13.67,09-17-2021 09:42:06 AM
152466,07-01-1998 12:00:00 AM,WTI,$US/bbl,14.09,09-17-2021 09:42:06 AM
152467,08-01-1998 12:00:00 AM,WTI,$US/bbl,13.38,09-17-2021 09:42:06 AM
152468,09-01-1998 12:00:00 AM,WTI,$US/bbl,14.97,09-17-2021 09:42:06 AM
152469,10-01-1998 12:00:00 AM,WTI,$US/bbl,14.42,09-17-2021 09:42:06 AM
152470,11-01-1998 12:00:00 AM,WTI,$US/bbl,13.04,09-17-2021 09:42:06 AM
152471,12-01-1998 12:00:00 AM,WTI,$US/bbl,11.31,09-17-2021 09:42:06 AM
152472,01-01-1999 12:00:00 AM,WTI,$US/bbl,12.49,09-17-2021 09:42:06 AM
152473,02-01-1999 12:00:00 AM,WTI,$US/bbl,12.02,09-17-2021 09:42:06 AM
152474,03-01-1999 12:00:00 AM,WTI,$US/bbl,14.68,09-17-2021 09:42:06 AM
152475,04-01-1999 12:00:00 AM,WTI,$US/bbl,17.3,09-17-2021 09:42:06 AM
152476,05-01-1999 12:00:00 AM,WTI,$US/bbl,17.77,09-17-2021 09:42:06 AM
152477,06-01-1999 12:00:00 AM,WTI,$US/bbl,17.92,09-17-2021 09:42:06 AM
152478,07-01-1999 12:00:00 AM,WTI,$US/bbl,20.1,09-17-2021 09:42:06 AM
152479,08-01-1999 12:00:00 AM,WTI,$US/bbl,21.28,09-17-2021 09:42:06 AM
152480,09-01-1999 12:00:00 AM,WTI,$US/bbl,23.79,09-17-2021 09:42:06 AM
152481,10-01-1999 12:00:00 AM,WTI,$US/bbl,22.67,09-17-2021 09:42:06 AM
152482,11-01-1999 12:00:00 AM,WTI,$US/bbl,24.77,09-17-2021 09:42:06 AM
152483,12-01-1999 12:00:00 AM,WTI,$US/bbl,26.09,09-17-2021 09:42:06 AM
152484,01-01-2000 12:00:00 AM,WTI,$US/bbl,27.01,09-17-2021 09:42:06 AM
152485,02-01-2000 12:00:00 AM,WTI,$US/bbl,29.3,09-17-2021 09:42:06 AM
152486,03-01-2000 12:00:00 AM,WTI,$US/bbl,29.89,09-17-2021 09:42:06 AM
152487,04-01-2000 12:00:00 AM,WTI,$US/bbl,25.54,09-17-2021 09:42:06 AM
152488,05-01-2000 12:00:00 AM,WTI,$US/bbl,28.81,09-17-2021 09:42:06 AM
152489,06-01-2000 12:00:00 AM,WTI,$US/bbl,31.53,09-17-2021 09:42:06 AM
152490,07-01-2000 12:00:00 AM,WTI,$US/bbl,29.72,09-17-2021 09:42:06 AM
152491,08-01-2000 12:00:00 AM,WTI,$US/bbl,31.14,09-17-2021 09:42:06 AM
152492,09-01-2000 12:00:00 AM,WTI,$US/bbl,33.87,09-17-2021 09:42:06 AM
152493,10-01-2000 12:00:00 AM,WTI,$US/bbl,32.93,09-17-2021 09:42:06 AM
152494,11-01-2000 12:00:00 AM,WTI,$US/bbl,34.26,09-17-2021 09:42:06 AM
152495,12-01-2000 12:00:00 AM,WTI,$US/bbl,28.4,09-17-2021 09:42:06 AM
152496,01-01-2001 12:00:00 AM,WTI,$US/bbl,29.26,09-17-2021 09:42:06 AM
152497,02-01-2001 12:00:00 AM,WTI,$US/bbl,29.64,09-17-2021 09:42:06 AM
152498,03-01-2001 12:00:00 AM,WTI,$US/bbl,27.27,09-17-2021 09:42:06 AM
152499,04-01-2001 12:00:00 AM,WTI,$US/bbl,27.62,09-17-2021 09:42:06 AM
152500,05-01-2001 12:00:00 AM,WTI,$US/bbl,28.68,09-17-2021 09:42:06 AM
152501,06-01-2001 12:00:00 AM,WTI,$US/bbl,27.59,09-17-2021 09:42:06 AM
152502,07-01-2001 12:00:00 AM,WTI,$US/bbl,26.47,09-17-2021 09:42:06 AM
152503,08-01-2001 12:00:00 AM,WTI,$US/bbl,27.31,09-17-2021 09:42:06 AM
152504,09-01-2001 12:00:00 AM,WTI,$US/bbl,25.69,09-17-2021 09:42:06 AM
152505,10-01-2001 12:00:00 AM,WTI,$US/bbl,22.21,09-17-2021 09:42:06 AM
152506,11-01-2001 12:00:00 AM,WTI,$US/bbl,19.67,09-17-2021 09:42:06 AM
152507,12-01-2001 12:00:00 AM,WTI,$US/bbl,19.4,09-17-2021 09:42:06 AM
152508,01-01-2002 12:00:00 AM,WTI,$US/bbl,19.73,09-17-2021 09:42:06 AM
152509,02-01-2002 12:00:00 AM,WTI,$US/bbl,20.76,09-17-2021 09:42:06 AM
152510,03-01-2002 12:00:00 AM,WTI,$US/bbl,24.44,09-17-2021 09:42:06 AM
152511,04-01-2002 12:00:00 AM,WTI,$US/bbl,26.26,09-17-2021 09:42:06 AM
152512,05-01-2002 12:00:00 AM,WTI,$US/bbl,26.95,09-17-2021 09:42:06 AM
152513,06-01-2002 12:00:00 AM,WTI,$US/bbl,25.55,09-17-2021 09:42:06 AM
152514,07-01-2002 12:00:00 AM,WTI,$US/bbl,26.94,09-17-2021 09:42:06 AM
152515,08-01-2002 12:00:00 AM,WTI,$US/bbl,28.2,09-17-2021 09:42:06 AM
152516,09-01-2002 12:00:00 AM,WTI,$US/bbl,29.67,09-17-2021 09:42:06 AM
152517,10-01-2002 12:00:00 AM,WTI,$US/bbl,28.86,09-17-2021 09:42:06 AM
152518,11-01-2002 12:00:00 AM,WTI,$US/bbl,26.19,09-17-2021 09:42:06 AM
152519,12-01-2002 12:00:00 AM,WTI,$US/bbl,29.39,09-17-2021 09:42:06 AM
152520,01-01-2003 12:00:00 AM,WTI,$US/bbl,32.7,09-17-2021 09:42:06 AM
152521,02-01-2003 12:00:00 AM,WTI,$US/bbl,35.73,09-17-2021 09:42:06 AM
152522,03-01-2003 12:00:00 AM,WTI,$US/bbl,33.16,09-17-2021 09:42:06 AM
152523,04-01-2003 12:00:00 AM,WTI,$US/bbl,28.14,09-17-2021 09:42:06 AM
152524,05-01-2003 12:00:00 AM,WTI,$US/bbl,28.07,09-17-2021 09:42:06 AM
152525,06-01-2003 12:00:00 AM,WTI,$US/bbl,30.52,09-17-2021 09:42:06 AM
152526,07-01-2003 12:00:00 AM,WTI,$US/bbl,30.7,09-17-2021 09:42:06 AM
152527,08-01-2003 12:00:00 AM,WTI,$US/bbl,31.6,09-17-2021 09:42:06 AM
152528,09-01-2003 12:00:00 AM,WTI,$US/bbl,28.31,09-17-2021 09:42:06 AM
152529,10-01-2003 12:00:00 AM,WTI,$US/bbl,30.35,09-17-2021 09:42:06 AM
152530,11-01-2003 12:00:00 AM,WTI,$US/bbl,31.06,09-17-2021 09:42:06 AM
152531,12-01-2003 12:00:00 AM,WTI,$US/bbl,32.14,09-17-2021 09:42:06 AM
152532,01-01-2004 12:00:00 AM,WTI,$US/bbl,34.22,09-17-2021 09:42:06 AM
152533,02-01-2004 12:00:00 AM,WTI,$US/bbl,34.5,09-17-2021 09:42:06 AM
152534,03-01-2004 12:00:00 AM,WTI,$US/bbl,36.72,09-17-2021 09:42:06 AM
152535,04-01-2004 12:00:00 AM,WTI,$US/bbl,36.62,09-17-2021 09:42:06 AM
152536,05-01-2004 12:00:00 AM,WTI,$US/bbl,40.28,09-17-2021 09:42:06 AM
152537,06-01-2004 12:00:00 AM,WTI,$US/bbl,38.05,09-17-2021 09:42:06 AM
152538,07-01-2004 12:00:00 AM,WTI,$US/bbl,40.81,09-17-2021 09:42:06 AM
152539,08-01-2004 12:00:00 AM,WTI,$US/bbl,44.88,09-17-2021 09:42:06 AM
152540,09-01-2004 12:00:00 AM,WTI,$US/bbl,45.94,09-17-2021 09:42:06 AM
152541,10-01-2004 12:00:00 AM,WTI,$US/bbl,53.09,09-17-2021 09:42:06 AM
152542,11-01-2004 12:00:00 AM,WTI,$US/bbl,48.48,09-17-2021 09:42:06 AM
152543,12-01-2004 12:00:00 AM,WTI,$US/bbl,43.26,09-17-2021 09:42:06 AM
152544,01-01-2005 12:00:00 AM,WTI,$US/bbl,46.85,09-17-2021 09:42:06 AM
152545,02-01-2005 12:00:00 AM,WTI,$US/bbl,48.05,09-17-2021 09:42:06 AM
152546,03-01-2005 12:00:00 AM,WTI,$US/bbl,54.63,09-17-2021 09:42:06 AM
152547,04-01-2005 12:00:00 AM,WTI,$US/bbl,53.22,09-17-2021 09:42:06 AM
152548,05-01-2005 12:00:00 AM,WTI,$US/bbl,49.87,09-17-2021 09:42:06 AM
152549,06-01-2005 12:00:00 AM,WTI,$US/bbl,56.42,09-17-2021 09:42:06 AM
152550,07-01-2005 12:00:00 AM,WTI,$US/bbl,59.03,09-17-2021 09:42:06 AM
152551,08-01-2005 12:00:00 AM,WTI,$US/bbl,64.99,09-17-2021 09:42:06 AM
152552,09-01-2005 12:00:00 AM,WTI,$US/bbl,65.55,09-17-2021 09:42:06 AM
152553,10-01-2005 12:00:00 AM,WTI,$US/bbl,62.27,09-17-2021 09:42:06 AM
152554,11-01-2005 12:00:00 AM,WTI,$US/bbl,58.34,09-17-2021 09:42:06 AM
152555,12-01-2005 12:00:00 AM,WTI,$US/bbl,59.45,09-17-2021 09:42:06 AM
152556,01-01-2006 12:00:00 AM,WTI,$US/bbl,65.54,09-17-2021 09:42:06 AM
152557,02-01-2006 12:00:00 AM,WTI,$US/bbl,61.93,09-17-2021 09:42:06 AM
152558,03-01-2006 12:00:00 AM,WTI,$US/bbl,62.97,09-17-2021 09:42:06 AM
152559,04-01-2006 12:00:00 AM,WTI,$US/bbl,70.16,09-17-2021 09:42:06 AM
152560,05-01-2006 12:00:00 AM,WTI,$US/bbl,70.96,09-17-2021 09:42:06 AM
152561,06-01-2006 12:00:00 AM,WTI,$US/bbl,70.97,09-17-2021 09:42:06 AM
152562,07-01-2006 12:00:00 AM,WTI,$US/bbl,74.46,09-17-2021 09:42:06 AM
152563,08-01-2006 12:00:00 AM,WTI,$US/bbl,73.08,09-17-2021 09:42:06 AM
152564,09-01-2006 12:00:00 AM,WTI,$US/bbl,63.9,09-17-2021 09:42:06 AM
152565,10-01-2006 12:00:00 AM,WTI,$US/bbl,59.14,09-17-2021 09:42:06 AM
152566,11-01-2006 12:00:00 AM,WTI,$US/bbl,59.4,09-17-2021 09:42:06 AM
152567,12-01-2006 12:00:00 AM,WTI,$US/bbl,62.09,09-17-2021 09:42:06 AM
152568,01-01-2007 12:00:00 AM,WTI,$US/bbl,54.35,09-17-2021 09:42:06 AM
152569,02-01-2007 12:00:00 AM,WTI,$US/bbl,59.39,09-17-2021 09:42:06 AM
152570,03-01-2007 12:00:00 AM,WTI,$US/bbl,60.74,09-17-2021 09:42:06 AM
152571,04-01-2007 12:00:00 AM,WTI,$US/bbl,64.04,09-17-2021 09:42:06 AM
152572,05-01-2007 12:00:00 AM,WTI,$US/bbl,63.53,09-17-2021 09:42:06 AM
152573,06-01-2007 12:00:00 AM,WTI,$US/bbl,67.53,09-17-2021 09:42:06 AM
152574,07-01-2007 12:00:00 AM,WTI,$US/bbl,74.15,09-17-2021 09:42:06 AM
152575,08-01-2007 12:00:00 AM,WTI,$US/bbl,72.36,09-17-2021 09:42:06 AM
152576,09-01-2007 12:00:00 AM,WTI,$US/bbl,79.63,09-17-2021 09:42:06 AM
152577,10-01-2007 12:00:00 AM,WTI,$US/bbl,85.66,09-17-2021 09:42:06 AM
152578,11-01-2007 12:00:00 AM,WTI,$US/bbl,94.63,09-17-2021 09:42:06 AM
152579,12-01-2007 12:00:00 AM,WTI,$US/bbl,91.74,09-17-2021 09:42:06 AM
152580,01-01-2008 12:00:00 AM,WTI,$US/bbl,92.93,09-17-2021 09:42:06 AM
152581,02-01-2008 12:00:00 AM,WTI,$US/bbl,95.35,09-17-2021 09:42:06 AM
152582,03-01-2008 12:00:00 AM,WTI,$US/bbl,105.42,09-17-2021 09:42:06 AM
152583,04-01-2008 12:00:00 AM,WTI,$US/bbl,112.46,09-17-2021 09:42:06 AM
152584,05-01-2008 12:00:00 AM,WTI,$US/bbl,125.46,09-17-2021 09:42:06 AM
152585,06-01-2008 12:00:00 AM,WTI,$US/bbl,134.02,09-17-2021 09:42:06 AM
152586,07-01-2008 12:00:00 AM,WTI,$US/bbl,133.48,09-17-2021 09:42:06 AM
152587,08-01-2008 12:00:00 AM,WTI,$US/bbl,116.69,09-17-2021 09:42:06 AM
152588,09-01-2008 12:00:00 AM,WTI,$US/bbl,103.76,09-17-2021 09:42:06 AM
152589,10-01-2008 12:00:00 AM,WTI,$US/bbl,76.72,09-17-2021 09:42:06 AM
152590,11-01-2008 12:00:00 AM,WTI,$US/bbl,57.44,09-17-2021 09:42:06 AM
152591,12-01-2008 12:00:00 AM,WTI,$US/bbl,42.04,09-17-2021 09:42:06 AM
152592,01-01-2009 12:00:00 AM,WTI,$US/bbl,41.92,09-17-2021 09:42:06 AM
152593,02-01-2009 12:00:00 AM,WTI,$US/bbl,39.26,09-17-2021 09:42:06 AM
152594,03-01-2009 12:00:00 AM,WTI,$US/bbl,48.06,09-17-2021 09:42:06 AM
152595,04-01-2009 12:00:00 AM,WTI,$US/bbl,49.95,09-17-2021 09:42:06 AM
152596,05-01-2009 12:00:00 AM,WTI,$US/bbl,59.21,09-17-2021 09:42:06 AM
152597,06-01-2009 12:00:00 AM,WTI,$US/bbl,69.7,09-17-2021 09:42:06 AM
152598,07-01-2009 12:00:00 AM,WTI,$US/bbl,64.29,09-17-2021 09:42:06 AM
152599,08-01-2009 12:00:00 AM,WTI,$US/bbl,71.14,09-17-2021 09:42:06 AM
152600,09-01-2009 12:00:00 AM,WTI,$US/bbl,69.47,09-17-2021 09:42:06 AM
152601,10-01-2009 12:00:00 AM,WTI,$US/bbl,75.82,09-17-2021 09:42:06 AM
152602,11-01-2009 12:00:00 AM,WTI,$US/bbl,78.15,09-17-2021 09:42:06 AM
152603,12-01-2009 12:00:00 AM,WTI,$US/bbl,74.6,09-17-2021 09:42:06 AM
152604,01-01-2010 12:00:00 AM,WTI,$US/bbl,78.4,09-17-2021 09:42:06 AM
152605,02-01-2010 12:00:00 AM,WTI,$US/bbl,76.45,09-17-2021 09:42:06 AM
152606,03-01-2010 12:00:00 AM,WTI,$US/bbl,81.29,09-17-2021 09:42:06 AM
152607,04-01-2010 12:00:00 AM,WTI,$US/bbl,84.58,09-17-2021 09:42:06 AM
152608,05-01-2010 12:00:00 AM,WTI,$US/bbl,74.12,09-17-2021 09:42:06 AM
152609,06-01-2010 12:00:00 AM,WTI,$US/bbl,75.41,09-17-2021 09:42:06 AM
152610,07-01-2010 12:00:00 AM,WTI,$US/bbl,76.38,09-17-2021 09:42:06 AM
152611,08-01-2010 12:00:00 AM,WTI,$US/bbl,76.67,09-17-2021 09:42:06 AM
152612,09-01-2010 12:00:00 AM,WTI,$US/bbl,75.55,09-17-2021 09:42:06 AM
152613,10-01-2010 12:00:00 AM,WTI,$US/bbl,81.95,09-17-2021 09:42:06 AM
152614,11-01-2010 12:00:00 AM,WTI,$US/bbl,84.32,09-17-2021 09:42:06 AM
152615,12-01-2010 12:00:00 AM,WTI,$US/bbl,89.23,09-17-2021 09:42:06 AM
152616,01-01-2011 12:00:00 AM,WTI,$US/bbl,89.58,09-17-2021 09:42:06 AM
152617,02-01-2011 12:00:00 AM,WTI,$US/bbl,89.74,09-17-2021 09:42:06 AM
152618,03-01-2011 12:00:00 AM,WTI,$US/bbl,102.98,09-17-2021 09:42:06 AM
152619,04-01-2011 12:00:00 AM,WTI,$US/bbl,110.04,09-17-2021 09:42:06 AM
152620,05-01-2011 12:00:00 AM,WTI,$US/bbl,101.36,09-17-2021 09:42:06 AM
152621,06-01-2011 12:00:00 AM,WTI,$US/bbl,96.29,09-17-2021 09:42:06 AM
152622,07-01-2011 12:00:00 AM,WTI,$US/bbl,97.34,09-17-2021 09:42:06 AM
152623,08-01-2011 12:00:00 AM,WTI,$US/bbl,86.34,09-17-2021 09:42:06 AM
152624,09-01-2011 12:00:00 AM,WTI,$US/bbl,85.61,09-17-2021 09:42:06 AM
152625,10-01-2011 12:00:00 AM,WTI,$US/bbl,86.43,09-17-2021 09:42:06 AM
152626,11-01-2011 12:00:00 AM,WTI,$US/bbl,97.16,09-17-2021 09:42:06 AM
152627,12-01-2011 12:00:00 AM,WTI,$US/bbl,98.58,09-17-2021 09:42:06 AM
152628,01-01-2012 12:00:00 AM,WTI,$US/bbl,100.32,09-17-2021 09:42:06 AM
152629,02-01-2012 12:00:00 AM,WTI,$US/bbl,102.26,09-17-2021 09:42:06 AM
152630,03-01-2012 12:00:00 AM,WTI,$US/bbl,106.21,09-17-2021 09:42:06 AM
152631,04-01-2012 12:00:00 AM,WTI,$US/bbl,103.35,09-17-2021 09:42:06 AM
152632,05-01-2012 12:00:00 AM,WTI,$US/bbl,94.72,09-17-2021 09:42:06 AM
152633,06-01-2012 12:00:00 AM,WTI,$US/bbl,82.41,09-17-2021 09:42:06 AM
152634,07-01-2012 12:00:00 AM,WTI,$US/bbl,87.93,09-17-2021 09:42:06 AM
152635,08-01-2012 12:00:00 AM,WTI,$US/bbl,94.16,09-17-2021 09:42:06 AM
152636,09-01-2012 12:00:00 AM,WTI,$US/bbl,94.56,09-17-2021 09:42:06 AM
152637,10-01-2012 12:00:00 AM,WTI,$US/bbl,89.57,09-17-2021 09:42:06 AM
152638,11-01-2012 12:00:00 AM,WTI,$US/bbl,86.73,09-17-2021 09:42:06 AM
152639,12-01-2012 12:00:00 AM,WTI,$US/bbl,88.25,09-17-2021 09:42:06 AM
152640,01-01-2013 12:00:00 AM,WTI,$US/bbl,94.83,09-17-2021 09:42:06 AM
152641,02-01-2013 12:00:00 AM,WTI,$US/bbl,95.32,09-17-2021 09:42:06 AM
152642,03-01-2013 12:00:00 AM,WTI,$US/bbl,92.96,09-17-2021 09:42:06 AM
152643,04-01-2013 12:00:00 AM,WTI,$US/bbl,92.07,09-17-2021 09:42:06 AM
152644,05-01-2013 12:00:00 AM,WTI,$US/bbl,94.8,09-17-2021 09:42:06 AM
152645,06-01-2013 12:00:00 AM,WTI,$US/bbl,95.8,09-17-2021 09:42:06 AM
152646,07-01-2013 12:00:00 AM,WTI,$US/bbl,104.7,09-17-2021 09:42:06 AM
152647,08-01-2013 12:00:00 AM,WTI,$US/bbl,106.54,09-17-2021 09:42:06 AM
152648,09-01-2013 12:00:00 AM,WTI,$US/bbl,106.24,09-17-2021 09:42:06 AM
152649,10-01-2013 12:00:00 AM,WTI,$US/bbl,100.55,09-17-2021 09:42:06 AM
152650,11-01-2013 12:00:00 AM,WTI,$US/bbl,93.93,09-17-2021 09:42:06 AM
152651,12-01-2013 12:00:00 AM,WTI,$US/bbl,97.89,09-17-2021 09:42:06 AM
152652,01-01-2014 12:00:00 AM,WTI,$US/bbl,94.86,09-17-2021 09:42:06 AM
152653,02-01-2014 12:00:00 AM,WTI,$US/bbl,100.68,09-17-2021 09:42:06 AM
152654,03-01-2014 12:00:00 AM,WTI,$US/bbl,100.51,09-17-2021 09:42:06 AM
152655,04-01-2014 12:00:00 AM,WTI,$US/bbl,102.04,09-17-2021 09:42:06 AM
152656,05-01-2014 12:00:00 AM,WTI,$US/bbl,101.8,09-17-2021 09:42:06 AM
152657,06-01-2014 12:00:00 AM,WTI,$US/bbl,105.15,09-17-2021 09:42:06 AM
152658,07-01-2014 12:00:00 AM,WTI,$US/bbl,102.39,09-17-2021 09:42:06 AM
152659,08-01-2014 12:00:00 AM,WTI,$US/bbl,96.08,09-17-2021 09:42:06 AM
152660,09-01-2014 12:00:00 AM,WTI,$US/bbl,93.03,09-17-2021 09:42:06 AM
152661,10-01-2014 12:00:00 AM,WTI,$US/bbl,84.34,09-17-2021 09:42:06 AM
152662,11-01-2014 12:00:00 AM,WTI,$US/bbl,75.81,09-17-2021 09:42:06 AM
152663,12-01-2014 12:00:00 AM,WTI,$US/bbl,59.29,09-17-2021 09:42:06 AM
152664,01-01-2015 12:00:00 AM,WTI,$US/bbl,47.22,09-17-2021 09:42:06 AM
152665,02-01-2015 12:00:00 AM,WTI,$US/bbl,50.58,09-17-2021 09:42:06 AM
152666,03-01-2015 12:00:00 AM,WTI,$US/bbl,47.82,09-17-2021 09:42:06 AM
152667,04-01-2015 12:00:00 AM,WTI,$US/bbl,54.45,09-17-2021 09:42:06 AM
152668,05-01-2015 12:00:00 AM,WTI,$US/bbl,59.27,09-17-2021 09:42:06 AM
152669,06-01-2015 12:00:00 AM,WTI,$US/bbl,59.82,09-17-2021 09:42:06 AM
152670,07-01-2015 12:00:00 AM,WTI,$US/bbl,50.9,09-17-2021 09:42:06 AM
152671,08-01-2015 12:00:00 AM,WTI,$US/bbl,42.87,09-17-2021 09:42:06 AM
152672,09-01-2015 12:00:00 AM,WTI,$US/bbl,45.48,09-17-2021 09:42:06 AM
152673,10-01-2015 12:00:00 AM,WTI,$US/bbl,46.22,09-17-2021 09:42:06 AM
152674,11-01-2015 12:00:00 AM,WTI,$US/bbl,42.44,09-17-2021 09:42:06 AM
152675,12-01-2015 12:00:00 AM,WTI,$US/bbl,37.19,09-17-2021 09:42:06 AM
152676,01-01-2016 12:00:00 AM,WTI,$US/bbl,31.68,09-17-2021 09:42:06 AM
152677,02-01-2016 12:00:00 AM,WTI,$US/bbl,30.32,09-17-2021 09:42:06 AM
152678,03-01-2016 12:00:00 AM,WTI,$US/bbl,37.55,09-17-2021 09:42:06 AM
152679,04-01-2016 12:00:00 AM,WTI,$US/bbl,40.75,09-17-2021 09:42:06 AM
152680,05-01-2016 12:00:00 AM,WTI,$US/bbl,46.71,09-17-2021 09:42:06 AM
152681,06-01-2016 12:00:00 AM,WTI,$US/bbl,48.76,09-17-2021 09:42:06 AM
152682,07-01-2016 12:00:00 AM,WTI,$US/bbl,44.65,09-17-2021 09:42:06 AM
152683,08-01-2016 12:00:00 AM,WTI,$US/bbl,44.72,09-17-2021 09:42:06 AM
152684,09-01-2016 12:00:00 AM,WTI,$US/bbl,45.18,09-17-2021 09:42:06 AM
152685,10-01-2016 12:00:00 AM,WTI,$US/bbl,49.78,09-17-2021 09:42:06 AM
152686,11-01-2016 12:00:00 AM,WTI,$US/bbl,45.66,09-17-2021 09:42:06 AM
152687,12-01-2016 12:00:00 AM,WTI,$US/bbl,51.97,09-17-2021 09:42:06 AM
152688,01-01-2017 12:00:00 AM,WTI,$US/bbl,52.5,09-17-2021 09:42:06 AM
152689,02-01-2017 12:00:00 AM,WTI,$US/bbl,53.47,09-17-2021 09:42:06 AM
152690,03-01-2017 12:00:00 AM,WTI,$US/bbl,49.33,09-17-2021 09:42:06 AM
152691,04-01-2017 12:00:00 AM,WTI,$US/bbl,51.06,09-17-2021 09:42:06 AM
152692,05-01-2017 12:00:00 AM,WTI,$US/bbl,48.48,09-17-2021 09:42:06 AM
152693,06-01-2017 12:00:00 AM,WTI,$US/bbl,45.18,09-17-2021 09:42:06 AM
152694,07-01-2017 12:00:00 AM,WTI,$US/bbl,46.63,09-17-2021 09:42:06 AM
152695,08-01-2017 12:00:00 AM,WTI,$US/bbl,48.04,09-17-2021 09:42:06 AM
152696,09-01-2017 12:00:00 AM,WTI,$US/bbl,49.82,09-17-2021 09:42:06 AM
152697,10-01-2017 12:00:00 AM,WTI,$US/bbl,51.58,09-17-2021 09:42:06 AM
152698,11-01-2017 12:00:00 AM,WTI,$US/bbl,56.64,09-17-2021 09:42:06 AM
152699,12-01-2017 12:00:00 AM,WTI,$US/bbl,57.95,09-17-2021 09:42:06 AM
152700,01-01-2018 12:00:00 AM,WTI,$US/bbl,63.55,09-17-2021 09:42:06 AM
152701,02-01-2018 12:00:00 AM,WTI,$US/bbl,62.16,09-17-2021 09:42:06 AM
152702,03-01-2018 12:00:00 AM,WTI,$US/bbl,62.87,09-17-2021 09:42:06 AM
152703,04-01-2018 12:00:00 AM,WTI,$US/bbl,66.33,09-17-2021 09:42:06 AM
152704,05-01-2018 12:00:00 AM,WTI,$US/bbl,69.89,09-17-2021 09:42:06 AM
152705,06-01-2018 12:00:00 AM,WTI,$US/bbl,67.32,09-17-2021 09:42:06 AM
152706,07-01-2018 12:00:00 AM,WTI,$US/bbl,70.74,09-17-2021 09:42:06 AM
152707,08-01-2018 12:00:00 AM,WTI,$US/bbl,67.85,09-17-2021 09:42:06 AM
152708,09-01-2018 12:00:00 AM,WTI,$US/bbl,70.07,09-17-2021 09:42:06 AM
152709,10-01-2018 12:00:00 AM,WTI,$US/bbl,70.76,09-17-2021 09:42:06 AM
152710,11-01-2018 12:00:00 AM,WTI,$US/bbl,56.96,09-17-2021 09:42:06 AM
152711,12-01-2018 12:00:00 AM,WTI,$US/bbl,49.52,09-17-2021 09:42:06 AM
152712,01-01-2019 12:00:00 AM,WTI,$US/bbl,51.38,09-17-2021 09:42:06 AM
152713,02-01-2019 12:00:00 AM,WTI,$US/bbl,54.95,09-17-2021 09:42:06 AM
152714,03-01-2019 12:00:00 AM,WTI,$US/bbl,58.15,09-17-2021 09:42:06 AM
152715,04-01-2019 12:00:00 AM,WTI,$US/bbl,63.86,09-17-2021 09:42:06 AM
152716,05-01-2019 12:00:00 AM,WTI,$US/bbl,60.83,09-17-2021 09:42:06 AM
152717,06-01-2019 12:00:00 AM,WTI,$US/bbl,54.66,09-17-2021 09:42:06 AM
152718,07-01-2019 12:00:00 AM,WTI,$US/bbl,57.35,09-17-2021 09:42:06 AM
152719,08-01-2019 12:00:00 AM,WTI,$US/bbl,54.81,09-17-2021 09:42:06 AM
152720,09-01-2019 12:00:00 AM,WTI,$US/bbl,56.95,09-17-2021 09:42:06 AM
152721,10-01-2019 12:00:00 AM,WTI,$US/bbl,53.96,09-17-2021 09:42:06 AM
152722,11-01-2019 12:00:00 AM,WTI,$US/bbl,57.03,09-17-2021 09:42:06 AM
152723,12-01-2019 12:00:00 AM,WTI,$US/bbl,59.88,09-17-2021 09:42:06 AM
152724,01-01-2020 12:00:00 AM,WTI,$US/bbl,57.68,09-17-2021 09:42:06 AM
152725,02-01-2020 12:00:00 AM,WTI,$US/bbl,50.62,09-17-2021 09:42:06 AM
152726,01-01-2005 12:00:00 AM,WCS,$US/bbl,29.42,09-17-2021 09:42:06 AM
152727,02-01-2005 12:00:00 AM,WCS,$US/bbl,28.44,09-17-2021 09:42:06 AM
152728,03-01-2005 12:00:00 AM,WCS,$US/bbl,36.5,09-17-2021 09:42:06 AM
152729,04-01-2005 12:00:00 AM,WCS,$US/bbl,31.02,09-17-2021 09:42:06 AM
152730,05-01-2005 12:00:00 AM,WCS,$US/bbl,27.46,09-17-2021 09:42:06 AM
152731,06-01-2005 12:00:00 AM,WCS,$US/bbl,38.16,09-17-2021 09:42:06 AM
152732,07-01-2005 12:00:00 AM,WCS,$US/bbl,44.78,09-17-2021 09:42:06 AM
152733,08-01-2005 12:00:00 AM,WCS,$US/bbl,48.29,09-17-2021 09:42:06 AM
152734,09-01-2005 12:00:00 AM,WCS,$US/bbl,42.13,09-17-2021 09:42:06 AM
152735,10-01-2005 12:00:00 AM,WCS,$US/bbl,41.52,09-17-2021 09:42:06 AM
152736,11-01-2005 12:00:00 AM,WCS,$US/bbl,34.34,09-17-2021 09:42:06 AM
152737,12-01-2005 12:00:00 AM,WCS,$US/bbl,32.78,09-17-2021 09:42:06 AM
152738,01-01-2006 12:00:00 AM,WCS,$US/bbl,38.8,09-17-2021 09:42:06 AM
152739,02-01-2006 12:00:00 AM,WCS,$US/bbl,28.68,09-17-2021 09:42:06 AM
152740,03-01-2006 12:00:00 AM,WCS,$US/bbl,36.77,09-17-2021 09:42:06 AM
152741,04-01-2006 12:00:00 AM,WCS,$US/bbl,52.02,09-17-2021 09:42:06 AM
152742,05-01-2006 12:00:00 AM,WCS,$US/bbl,57.29,09-17-2021 09:42:06 AM
152743,06-01-2006 12:00:00 AM,WCS,$US/bbl,51.63,09-17-2021 09:42:06 AM
152744,07-01-2006 12:00:00 AM,WCS,$US/bbl,57.93,09-17-2021 09:42:06 AM
152745,08-01-2006 12:00:00 AM,WCS,$US/bbl,55.83,09-17-2021 09:42:06 AM
152746,09-01-2006 12:00:00 AM,WCS,$US/bbl,41.56,09-17-2021 09:42:06 AM
152747,10-01-2006 12:00:00 AM,WCS,$US/bbl,36.9,09-17-2021 09:42:06 AM
152748,11-01-2006 12:00:00 AM,WCS,$US/bbl,39.17,09-17-2021 09:42:06 AM
152749,12-01-2006 12:00:00 AM,WCS,$US/bbl,43.9,09-17-2021 09:42:06 AM
152750,01-01-2007 12:00:00 AM,WCS,$US/bbl,38.05,09-17-2021 09:42:06 AM
152751,02-01-2007 12:00:00 AM,WCS,$US/bbl,44.43,09-17-2021 09:42:06 AM
152752,03-01-2007 12:00:00 AM,WCS,$US/bbl,45.6,09-17-2021 09:42:06 AM
152753,04-01-2007 12:00:00 AM,WCS,$US/bbl,44.03,09-17-2021 09:42:06 AM
152754,05-01-2007 12:00:00 AM,WCS,$US/bbl,46.33,09-17-2021 09:42:06 AM
152755,06-01-2007 12:00:00 AM,WCS,$US/bbl,47.19,09-17-2021 09:42:06 AM
152756,07-01-2007 12:00:00 AM,WCS,$US/bbl,53.06,09-17-2021 09:42:06 AM
152757,08-01-2007 12:00:00 AM,WCS,$US/bbl,52.76,09-17-2021 09:42:06 AM
152758,09-01-2007 12:00:00 AM,WCS,$US/bbl,53,09-17-2021 09:42:06 AM
152759,10-01-2007 12:00:00 AM,WCS,$US/bbl,54.69,09-17-2021 09:42:06 AM
152760,11-01-2007 12:00:00 AM,WCS,$US/bbl,66.29,09-17-2021 09:42:06 AM
152761,12-01-2007 12:00:00 AM,WCS,$US/bbl,50.02,09-17-2021 09:42:06 AM
152762,01-01-2008 12:00:00 AM,WCS,$US/bbl,68.72,09-17-2021 09:42:06 AM
152763,02-01-2008 12:00:00 AM,WCS,$US/bbl,71.75,09-17-2021 09:42:06 AM
152764,03-01-2008 12:00:00 AM,WCS,$US/bbl,88.87,09-17-2021 09:42:06 AM
152765,04-01-2008 12:00:00 AM,WCS,$US/bbl,94.64,09-17-2021 09:42:06 AM
152766,05-01-2008 12:00:00 AM,WCS,$US/bbl,104.28,09-17-2021 09:42:06 AM
152767,06-01-2008 12:00:00 AM,WCS,$US/bbl,108.15,09-17-2021 09:42:06 AM
152768,07-01-2008 12:00:00 AM,WCS,$US/bbl,114.95,09-17-2021 09:42:06 AM
152769,08-01-2008 12:00:00 AM,WCS,$US/bbl,101.1,09-17-2021 09:42:06 AM
152770,09-01-2008 12:00:00 AM,WCS,$US/bbl,83.87,09-17-2021 09:42:06 AM
152771,10-01-2008 12:00:00 AM,WCS,$US/bbl,58.08,09-17-2021 09:42:06 AM
152772,11-01-2008 12:00:00 AM,WCS,$US/bbl,37.54,09-17-2021 09:42:06 AM
152773,12-01-2008 12:00:00 AM,WCS,$US/bbl,23.18,09-17-2021 09:42:06 AM
152774,01-01-2009 12:00:00 AM,WCS,$US/bbl,29.97,09-17-2021 09:42:06 AM
152775,02-01-2009 12:00:00 AM,WCS,$US/bbl,31.71,09-17-2021 09:42:06 AM
152776,03-01-2009 12:00:00 AM,WCS,$US/bbl,40.76,09-17-2021 09:42:06 AM
152777,04-01-2009 12:00:00 AM,WCS,$US/bbl,43.76,09-17-2021 09:42:06 AM
152778,05-01-2009 12:00:00 AM,WCS,$US/bbl,51.64,09-17-2021 09:42:06 AM
152779,06-01-2009 12:00:00 AM,WCS,$US/bbl,61.18,09-17-2021 09:42:06 AM
152780,07-01-2009 12:00:00 AM,WCS,$US/bbl,54.45,09-17-2021 09:42:06 AM
152781,08-01-2009 12:00:00 AM,WCS,$US/bbl,60.57,09-17-2021 09:42:06 AM
152782,09-01-2009 12:00:00 AM,WCS,$US/bbl,59.52,09-17-2021 09:42:06 AM
152783,10-01-2009 12:00:00 AM,WCS,$US/bbl,65.29,09-17-2021 09:42:06 AM
152784,11-01-2009 12:00:00 AM,WCS,$US/bbl,65.04,09-17-2021 09:42:06 AM
152785,12-01-2009 12:00:00 AM,WCS,$US/bbl,61.89,09-17-2021 09:42:06 AM
152786,01-01-2010 12:00:00 AM,WCS,$US/bbl,69.28,09-17-2021 09:42:06 AM
152787,02-01-2010 12:00:00 AM,WCS,$US/bbl,67.91,09-17-2021 09:42:06 AM
152788,03-01-2010 12:00:00 AM,WCS,$US/bbl,71.82,09-17-2021 09:42:06 AM
152789,04-01-2010 12:00:00 AM,WCS,$US/bbl,72.02,09-17-2021 09:42:06 AM
152790,05-01-2010 12:00:00 AM,WCS,$US/bbl,57.49,09-17-2021 09:42:06 AM
152791,06-01-2010 12:00:00 AM,WCS,$US/bbl,62.33,09-17-2021 09:42:06 AM
152792,07-01-2010 12:00:00 AM,WCS,$US/bbl,64.28,09-17-2021 09:42:06 AM
152793,08-01-2010 12:00:00 AM,WCS,$US/bbl,61.93,09-17-2021 09:42:06 AM
152794,09-01-2010 12:00:00 AM,WCS,$US/bbl,55.44,09-17-2021 09:42:06 AM
152795,10-01-2010 12:00:00 AM,WCS,$US/bbl,56.72,09-17-2021 09:42:06 AM
152796,11-01-2010 12:00:00 AM,WCS,$US/bbl,69.56,09-17-2021 09:42:06 AM
152797,12-01-2010 12:00:00 AM,WCS,$US/bbl,74.89,09-17-2021 09:42:06 AM
152798,01-01-2011 12:00:00 AM,WCS,$US/bbl,71.18,09-17-2021 09:42:06 AM
152799,02-01-2011 12:00:00 AM,WCS,$US/bbl,63.42,09-17-2021 09:42:06 AM
152800,03-01-2011 12:00:00 AM,WCS,$US/bbl,79.13,09-17-2021 09:42:06 AM
152801,04-01-2011 12:00:00 AM,WCS,$US/bbl,89.69,09-17-2021 09:42:06 AM
152802,05-01-2011 12:00:00 AM,WCS,$US/bbl,85.66,09-17-2021 09:42:06 AM
152803,06-01-2011 12:00:00 AM,WCS,$US/bbl,79.42,09-17-2021 09:42:06 AM
152804,07-01-2011 12:00:00 AM,WCS,$US/bbl,78.31,09-17-2021 09:42:06 AM
152805,08-01-2011 12:00:00 AM,WCS,$US/bbl,66.51,09-17-2021 09:42:06 AM
152806,09-01-2011 12:00:00 AM,WCS,$US/bbl,71.6,09-17-2021 09:42:06 AM
152807,10-01-2011 12:00:00 AM,WCS,$US/bbl,76.54,09-17-2021 09:42:06 AM
152808,11-01-2011 12:00:00 AM,WCS,$US/bbl,87.32,09-17-2021 09:42:06 AM
152809,12-01-2011 12:00:00 AM,WCS,$US/bbl,86.86,09-17-2021 09:42:06 AM
152810,01-01-2012 12:00:00 AM,WCS,$US/bbl,86.47,09-17-2021 09:42:06 AM
152811,02-01-2012 12:00:00 AM,WCS,$US/bbl,83.04,09-17-2021 09:42:06 AM
152812,03-01-2012 12:00:00 AM,WCS,$US/bbl,75.01,09-17-2021 09:42:06 AM
152813,04-01-2012 12:00:00 AM,WCS,$US/bbl,70.4,09-17-2021 09:42:06 AM
152814,05-01-2012 12:00:00 AM,WCS,$US/bbl,75.1,09-17-2021 09:42:06 AM
152815,06-01-2012 12:00:00 AM,WCS,$US/bbl,66.37,09-17-2021 09:42:06 AM
152816,07-01-2012 12:00:00 AM,WCS,$US/bbl,64.28,09-17-2021 09:42:06 AM
152817,08-01-2012 12:00:00 AM,WCS,$US/bbl,69.03,09-17-2021 09:42:06 AM
152818,09-01-2012 12:00:00 AM,WCS,$US/bbl,78.17,09-17-2021 09:42:06 AM
152819,10-01-2012 12:00:00 AM,WCS,$US/bbl,79.88,09-17-2021 09:42:06 AM
152820,11-01-2012 12:00:00 AM,WCS,$US/bbl,72.47,09-17-2021 09:42:06 AM
152821,12-01-2012 12:00:00 AM,WCS,$US/bbl,57.87,09-17-2021 09:42:06 AM
152822,01-01-2013 12:00:00 AM,WCS,$US/bbl,62.11,09-17-2021 09:42:06 AM
152823,02-01-2013 12:00:00 AM,WCS,$US/bbl,58.4,09-17-2021 09:42:06 AM
152824,03-01-2013 12:00:00 AM,WCS,$US/bbl,66.72,09-17-2021 09:42:06 AM
152825,04-01-2013 12:00:00 AM,WCS,$US/bbl,68.87,09-17-2021 09:42:06 AM
152826,05-01-2013 12:00:00 AM,WCS,$US/bbl,80.93,09-17-2021 09:42:06 AM
152827,06-01-2013 12:00:00 AM,WCS,$US/bbl,75.39,09-17-2021 09:42:06 AM
152828,07-01-2013 12:00:00 AM,WCS,$US/bbl,90.5,09-17-2021 09:42:06 AM
152829,08-01-2013 12:00:00 AM,WCS,$US/bbl,90.97,09-17-2021 09:42:06 AM
152830,09-01-2013 12:00:00 AM,WCS,$US/bbl,83.57,09-17-2021 09:42:06 AM
152831,10-01-2013 12:00:00 AM,WCS,$US/bbl,74.21,09-17-2021 09:42:06 AM
152832,11-01-2013 12:00:00 AM,WCS,$US/bbl,62.62,09-17-2021 09:42:06 AM
152833,12-01-2013 12:00:00 AM,WCS,$US/bbl,58.95,09-17-2021 09:42:06 AM
152834,01-01-2014 12:00:00 AM,WCS,$US/bbl,65.69,09-17-2021 09:42:06 AM
152835,02-01-2014 12:00:00 AM,WCS,$US/bbl,81.54,09-17-2021 09:42:06 AM
152836,03-01-2014 12:00:00 AM,WCS,$US/bbl,79.42,09-17-2021 09:42:06 AM
152837,04-01-2014 12:00:00 AM,WCS,$US/bbl,79.56,09-17-2021 09:42:06 AM
152838,05-01-2014 12:00:00 AM,WCS,$US/bbl,82.72,09-17-2021 09:42:06 AM
152839,06-01-2014 12:00:00 AM,WCS,$US/bbl,86.56,09-17-2021 09:42:06 AM
152840,07-01-2014 12:00:00 AM,WCS,$US/bbl,82.73,09-17-2021 09:42:06 AM
152841,08-01-2014 12:00:00 AM,WCS,$US/bbl,73.89,09-17-2021 09:42:06 AM
152842,09-01-2014 12:00:00 AM,WCS,$US/bbl,74.35,09-17-2021 09:42:06 AM
152843,10-01-2014 12:00:00 AM,WCS,$US/bbl,70.6,09-17-2021 09:42:06 AM
152844,11-01-2014 12:00:00 AM,WCS,$US/bbl,62.87,09-17-2021 09:42:06 AM
152845,12-01-2014 12:00:00 AM,WCS,$US/bbl,43.24,09-17-2021 09:42:06 AM
152846,01-01-2015 12:00:00 AM,WCS,$US/bbl,30.43,09-17-2021 09:42:06 AM
152847,02-01-2015 12:00:00 AM,WCS,$US/bbl,36.52,09-17-2021 09:42:06 AM
152848,03-01-2015 12:00:00 AM,WCS,$US/bbl,34.76,09-17-2021 09:42:06 AM
152849,04-01-2015 12:00:00 AM,WCS,$US/bbl,40.26,09-17-2021 09:42:06 AM
152850,05-01-2015 12:00:00 AM,WCS,$US/bbl,47.5,09-17-2021 09:42:06 AM
152851,06-01-2015 12:00:00 AM,WCS,$US/bbl,51.29,09-17-2021 09:42:06 AM
152852,07-01-2015 12:00:00 AM,WCS,$US/bbl,43.49,09-17-2021 09:42:06 AM
152853,08-01-2015 12:00:00 AM,WCS,$US/bbl,29.48,09-17-2021 09:42:06 AM
152854,09-01-2015 12:00:00 AM,WCS,$US/bbl,26.5,09-17-2021 09:42:06 AM
152855,10-01-2015 12:00:00 AM,WCS,$US/bbl,32.78,09-17-2021 09:42:06 AM
152856,11-01-2015 12:00:00 AM,WCS,$US/bbl,27.78,09-17-2021 09:42:06 AM
152857,12-01-2015 12:00:00 AM,WCS,$US/bbl,22.51,09-17-2021 09:42:06 AM
152858,01-01-2016 12:00:00 AM,WCS,$US/bbl,17.88,09-17-2021 09:42:06 AM
152859,02-01-2016 12:00:00 AM,WCS,$US/bbl,16.3,09-17-2021 09:42:06 AM
152860,03-01-2016 12:00:00 AM,WCS,$US/bbl,23.46,09-17-2021 09:42:06 AM
152861,04-01-2016 12:00:00 AM,WCS,$US/bbl,27.88,09-17-2021 09:42:06 AM
152862,05-01-2016 12:00:00 AM,WCS,$US/bbl,32.52,09-17-2021 09:42:06 AM
152863,06-01-2016 12:00:00 AM,WCS,$US/bbl,36.47,09-17-2021 09:42:06 AM
152864,07-01-2016 12:00:00 AM,WCS,$US/bbl,32.8,09-17-2021 09:42:06 AM
152865,08-01-2016 12:00:00 AM,WCS,$US/bbl,30.9,09-17-2021 09:42:06 AM
152866,09-01-2016 12:00:00 AM,WCS,$US/bbl,30.62,09-17-2021 09:42:06 AM
152867,10-01-2016 12:00:00 AM,WCS,$US/bbl,35.83,09-17-2021 09:42:06 AM
152868,11-01-2016 12:00:00 AM,WCS,$US/bbl,31.89,09-17-2021 09:42:06 AM
152869,12-01-2016 12:00:00 AM,WCS,$US/bbl,37.18,09-17-2021 09:42:06 AM
152870,01-01-2017 12:00:00 AM,WCS,$US/bbl,37.19,09-17-2021 09:42:06 AM
152871,02-01-2017 12:00:00 AM,WCS,$US/bbl,39.14,09-17-2021 09:42:06 AM
152872,03-01-2017 12:00:00 AM,WCS,$US/bbl,35.68,09-17-2021 09:42:06 AM
152873,04-01-2017 12:00:00 AM,WCS,$US/bbl,36.84,09-17-2021 09:42:06 AM
152874,05-01-2017 12:00:00 AM,WCS,$US/bbl,38.84,09-17-2021 09:42:06 AM
152875,06-01-2017 12:00:00 AM,WCS,$US/bbl,35.8,09-17-2021 09:42:06 AM
152876,07-01-2017 12:00:00 AM,WCS,$US/bbl,36.37,09-17-2021 09:42:06 AM
152877,08-01-2017 12:00:00 AM,WCS,$US/bbl,38.5,09-17-2021 09:42:06 AM
152878,09-01-2017 12:00:00 AM,WCS,$US/bbl,39.93,09-17-2021 09:42:06 AM
152879,10-01-2017 12:00:00 AM,WCS,$US/bbl,39.87,09-17-2021 09:42:06 AM
152880,11-01-2017 12:00:00 AM,WCS,$US/bbl,45.52,09-17-2021 09:42:06 AM
152881,12-01-2017 12:00:00 AM,WCS,$US/bbl,44.02,09-17-2021 09:42:06 AM
152882,01-01-2018 12:00:00 AM,WCS,$US/bbl,42.53,09-17-2021 09:42:06 AM
152883,02-01-2018 12:00:00 AM,WCS,$US/bbl,37.72,09-17-2021 09:42:06 AM
152884,03-01-2018 12:00:00 AM,WCS,$US/bbl,35.53,09-17-2021 09:42:06 AM
152885,04-01-2018 12:00:00 AM,WCS,$US/bbl,40.47,09-17-2021 09:42:06 AM
152886,05-01-2018 12:00:00 AM,WCS,$US/bbl,53.25,09-17-2021 09:42:06 AM
152887,06-01-2018 12:00:00 AM,WCS,$US/bbl,52.1,09-17-2021 09:42:06 AM
152888,07-01-2018 12:00:00 AM,WCS,$US/bbl,52.83,09-17-2021 09:42:06 AM
152889,08-01-2018 12:00:00 AM,WCS,$US/bbl,48.55,09-17-2021 09:42:06 AM
152890,09-01-2018 12:00:00 AM,WCS,$US/bbl,40.37,09-17-2021 09:42:06 AM
152891,10-01-2018 12:00:00 AM,WCS,$US/bbl,41.15,09-17-2021 09:42:06 AM
152892,11-01-2018 12:00:00 AM,WCS,$US/bbl,11.03,09-17-2021 09:42:06 AM
152893,12-01-2018 12:00:00 AM,WCS,$US/bbl,5.97,09-17-2021 09:42:06 AM
152894,01-01-2019 12:00:00 AM,WCS,$US/bbl,34.3,09-17-2021 09:42:06 AM
152895,02-01-2019 12:00:00 AM,WCS,$US/bbl,45.33,09-17-2021 09:42:06 AM
152896,03-01-2019 12:00:00 AM,WCS,$US/bbl,48.21,09-17-2021 09:42:06 AM
152897,04-01-2019 12:00:00 AM,WCS,$US/bbl,53.25,09-17-2021 09:42:06 AM
152898,05-01-2019 12:00:00 AM,WCS,$US/bbl,52.44,09-17-2021 09:42:06 AM
152899,06-01-2019 12:00:00 AM,WCS,$US/bbl,41.74,09-17-2021 09:42:06 AM
152900,07-01-2019 12:00:00 AM,WCS,$US/bbl,44.7,09-17-2021 09:42:06 AM
152901,08-01-2019 12:00:00 AM,WCS,$US/bbl,43.1,09-17-2021 09:42:06 AM
152902,09-01-2019 12:00:00 AM,WCS,$US/bbl,44.84,09-17-2021 09:42:06 AM
152903,10-01-2019 12:00:00 AM,WCS,$US/bbl,41.96,09-17-2021 09:42:06 AM
152904,11-01-2019 12:00:00 AM,WCS,$US/bbl,42.32,09-17-2021 09:42:06 AM
152905,12-01-2019 12:00:00 AM,WCS,$US/bbl,39.11,09-17-2021 09:42:06 AM
152906,01-01-2020 12:00:00 AM,WCS,$US/bbl,36.82,09-17-2021 09:42:06 AM
152907,02-01-2020 12:00:00 AM,WCS,$US/bbl,27.28,09-17-2021 09:42:06 AM
152908,01-01-1988 12:00:00 AM,NatGas,$CDN/GJ,1.56,09-17-2021 09:42:06 AM
152909,02-01-1988 12:00:00 AM,NatGas,$CDN/GJ,1.63,09-17-2021 09:42:06 AM
152910,03-01-1988 12:00:00 AM,NatGas,$CDN/GJ,1.6,09-17-2021 09:42:06 AM
152911,04-01-1988 12:00:00 AM,NatGas,$CDN/GJ,1.53,09-17-2021 09:42:06 AM
152912,05-01-1988 12:00:00 AM,NatGas,$CDN/GJ,1.48,09-17-2021 09:42:06 AM
152913,06-01-1988 12:00:00 AM,NatGas,$CDN/GJ,1.46,09-17-2021 09:42:06 AM
152914,07-01-1988 12:00:00 AM,NatGas,$CDN/GJ,1.53,09-17-2021 09:42:06 AM
152915,08-01-1988 12:00:00 AM,NatGas,$CDN/GJ,1.53,09-17-2021 09:42:06 AM
152916,09-01-1988 12:00:00 AM,NatGas,$CDN/GJ,1.53,09-17-2021 09:42:06 AM
152917,10-01-1988 12:00:00 AM,NatGas,$CDN/GJ,1.55,09-17-2021 09:42:06 AM
152918,11-01-1988 12:00:00 AM,NatGas,$CDN/GJ,1.59,09-17-2021 09:42:06 AM
152919,12-01-1988 12:00:00 AM,NatGas,$CDN/GJ,1.61,09-17-2021 09:42:06 AM
152920,01-01-1989 12:00:00 AM,NatGas,$CDN/GJ,1.62,09-17-2021 09:42:06 AM
152921,02-01-1989 12:00:00 AM,NatGas,$CDN/GJ,1.62,09-17-2021 09:42:06 AM
152922,03-01-1989 12:00:00 AM,NatGas,$CDN/GJ,1.58,09-17-2021 09:42:06 AM
152923,04-01-1989 12:00:00 AM,NatGas,$CDN/GJ,1.55,09-17-2021 09:42:06 AM
152924,05-01-1989 12:00:00 AM,NatGas,$CDN/GJ,1.54,09-17-2021 09:42:06 AM
152925,06-01-1989 12:00:00 AM,NatGas,$CDN/GJ,1.5,09-17-2021 09:42:06 AM
152926,07-01-1989 12:00:00 AM,NatGas,$CDN/GJ,1.46,09-17-2021 09:42:06 AM
152927,08-01-1989 12:00:00 AM,NatGas,$CDN/GJ,1.46,09-17-2021 09:42:06 AM
152928,09-01-1989 12:00:00 AM,NatGas,$CDN/GJ,1.47,09-17-2021 09:42:06 AM
152929,10-01-1989 12:00:00 AM,NatGas,$CDN/GJ,1.47,09-17-2021 09:42:06 AM
152930,11-01-1989 12:00:00 AM,NatGas,$CDN/GJ,1.52,09-17-2021 09:42:06 AM
152931,12-01-1989 12:00:00 AM,NatGas,$CDN/GJ,1.55,09-17-2021 09:42:06 AM
152932,01-01-1990 12:00:00 AM,NatGas,$CDN/GJ,1.62,09-17-2021 09:42:06 AM
152933,02-01-1990 12:00:00 AM,NatGas,$CDN/GJ,1.64,09-17-2021 09:42:06 AM
152934,03-01-1990 12:00:00 AM,NatGas,$CDN/GJ,1.59,09-17-2021 09:42:06 AM
152935,04-01-1990 12:00:00 AM,NatGas,$CDN/GJ,1.53,09-17-2021 09:42:06 AM
152936,05-01-1990 12:00:00 AM,NatGas,$CDN/GJ,1.55,09-17-2021 09:42:06 AM
152937,06-01-1990 12:00:00 AM,NatGas,$CDN/GJ,1.5,09-17-2021 09:42:06 AM
152938,07-01-1990 12:00:00 AM,NatGas,$CDN/GJ,1.5,09-17-2021 09:42:06 AM
152939,08-01-1990 12:00:00 AM,NatGas,$CDN/GJ,1.48,09-17-2021 09:42:06 AM
152940,09-01-1990 12:00:00 AM,NatGas,$CDN/GJ,1.48,09-17-2021 09:42:06 AM
152941,10-01-1990 12:00:00 AM,NatGas,$CDN/GJ,1.52,09-17-2021 09:42:06 AM
152942,11-01-1990 12:00:00 AM,NatGas,$CDN/GJ,1.58,09-17-2021 09:42:06 AM
152943,12-01-1990 12:00:00 AM,NatGas,$CDN/GJ,1.64,09-17-2021 09:42:06 AM
152944,01-01-1991 12:00:00 AM,NatGas,$CDN/GJ,1.64,09-17-2021 09:42:06 AM
152945,02-01-1991 12:00:00 AM,NatGas,$CDN/GJ,1.59,09-17-2021 09:42:06 AM
152946,03-01-1991 12:00:00 AM,NatGas,$CDN/GJ,1.49,09-17-2021 09:42:06 AM
152947,04-01-1991 12:00:00 AM,NatGas,$CDN/GJ,1.42,09-17-2021 09:42:06 AM
152948,05-01-1991 12:00:00 AM,NatGas,$CDN/GJ,1.38,09-17-2021 09:42:06 AM
152949,06-01-1991 12:00:00 AM,NatGas,$CDN/GJ,1.3,09-17-2021 09:42:06 AM
152950,07-01-1991 12:00:00 AM,NatGas,$CDN/GJ,1.25,09-17-2021 09:42:06 AM
152951,08-01-1991 12:00:00 AM,NatGas,$CDN/GJ,1.18,09-17-2021 09:42:06 AM
152952,09-01-1991 12:00:00 AM,NatGas,$CDN/GJ,1.18,09-17-2021 09:42:06 AM
152953,10-01-1991 12:00:00 AM,NatGas,$CDN/GJ,1.22,09-17-2021 09:42:06 AM
152954,11-01-1991 12:00:00 AM,NatGas,$CDN/GJ,1.33,09-17-2021 09:42:06 AM
152955,12-01-1991 12:00:00 AM,NatGas,$CDN/GJ,1.36,09-17-2021 09:42:06 AM
152956,01-01-1992 12:00:00 AM,NatGas,$CDN/GJ,1.36,09-17-2021 09:42:06 AM
152957,02-01-1992 12:00:00 AM,NatGas,$CDN/GJ,1.26,09-17-2021 09:42:06 AM
152958,03-01-1992 12:00:00 AM,NatGas,$CDN/GJ,1.22,09-17-2021 09:42:06 AM
152959,04-01-1992 12:00:00 AM,NatGas,$CDN/GJ,1.24,09-17-2021 09:42:06 AM
152960,05-01-1992 12:00:00 AM,NatGas,$CDN/GJ,1.26,09-17-2021 09:42:06 AM
152961,06-01-1992 12:00:00 AM,NatGas,$CDN/GJ,1.28,09-17-2021 09:42:06 AM
152962,07-01-1992 12:00:00 AM,NatGas,$CDN/GJ,1.21,09-17-2021 09:42:06 AM
152963,08-01-1992 12:00:00 AM,NatGas,$CDN/GJ,1.28,09-17-2021 09:42:06 AM
152964,09-01-1992 12:00:00 AM,NatGas,$CDN/GJ,1.28,09-17-2021 09:42:06 AM
152965,10-01-1992 12:00:00 AM,NatGas,$CDN/GJ,1.45,09-17-2021 09:42:06 AM
152966,11-01-1992 12:00:00 AM,NatGas,$CDN/GJ,1.45,09-17-2021 09:42:06 AM
152967,12-01-1992 12:00:00 AM,NatGas,$CDN/GJ,1.44,09-17-2021 09:42:06 AM
152968,01-01-1993 12:00:00 AM,NatGas,$CDN/GJ,1.46,09-17-2021 09:42:06 AM
152969,02-01-1993 12:00:00 AM,NatGas,$CDN/GJ,1.42,09-17-2021 09:42:06 AM
152970,03-01-1993 12:00:00 AM,NatGas,$CDN/GJ,1.47,09-17-2021 09:42:06 AM
152971,04-01-1993 12:00:00 AM,NatGas,$CDN/GJ,1.53,09-17-2021 09:42:06 AM
152972,05-01-1993 12:00:00 AM,NatGas,$CDN/GJ,1.59,09-17-2021 09:42:06 AM
152973,06-01-1993 12:00:00 AM,NatGas,$CDN/GJ,1.56,09-17-2021 09:42:06 AM
152974,07-01-1993 12:00:00 AM,NatGas,$CDN/GJ,1.49,09-17-2021 09:42:06 AM
152975,08-01-1993 12:00:00 AM,NatGas,$CDN/GJ,1.5,09-17-2021 09:42:06 AM
152976,09-01-1993 12:00:00 AM,NatGas,$CDN/GJ,1.55,09-17-2021 09:42:06 AM
152977,10-01-1993 12:00:00 AM,NatGas,$CDN/GJ,1.56,09-17-2021 09:42:06 AM
152978,11-01-1993 12:00:00 AM,NatGas,$CDN/GJ,1.87,09-17-2021 09:42:06 AM
152979,12-01-1993 12:00:00 AM,NatGas,$CDN/GJ,1.94,09-17-2021 09:42:06 AM
152980,01-01-1994 12:00:00 AM,NatGas,$CDN/GJ,1.93,09-17-2021 09:42:06 AM
152981,02-01-1994 12:00:00 AM,NatGas,$CDN/GJ,2.04,09-17-2021 09:42:06 AM
152982,03-01-1994 12:00:00 AM,NatGas,$CDN/GJ,2.07,09-17-2021 09:42:06 AM
152983,04-01-1994 12:00:00 AM,NatGas,$CDN/GJ,1.82,09-17-2021 09:42:06 AM
152984,05-01-1994 12:00:00 AM,NatGas,$CDN/GJ,1.8,09-17-2021 09:42:06 AM
152985,06-01-1994 12:00:00 AM,NatGas,$CDN/GJ,1.66,09-17-2021 09:42:06 AM
152986,07-01-1994 12:00:00 AM,NatGas,$CDN/GJ,1.73,09-17-2021 09:42:06 AM
152987,08-01-1994 12:00:00 AM,NatGas,$CDN/GJ,1.66,09-17-2021 09:42:06 AM
152988,09-01-1994 12:00:00 AM,NatGas,$CDN/GJ,1.5,09-17-2021 09:42:06 AM
152989,10-01-1994 12:00:00 AM,NatGas,$CDN/GJ,1.35,09-17-2021 09:42:06 AM
152990,11-01-1994 12:00:00 AM,NatGas,$CDN/GJ,1.53,09-17-2021 09:42:06 AM
152991,12-01-1994 12:00:00 AM,NatGas,$CDN/GJ,1.56,09-17-2021 09:42:06 AM
152992,01-01-1995 12:00:00 AM,NatGas,$CDN/GJ,1.39,09-17-2021 09:42:06 AM
152993,02-01-1995 12:00:00 AM,NatGas,$CDN/GJ,1.25,09-17-2021 09:42:06 AM
152994,03-01-1995 12:00:00 AM,NatGas,$CDN/GJ,1.2,09-17-2021 09:42:06 AM
152995,04-01-1995 12:00:00 AM,NatGas,$CDN/GJ,1.19,09-17-2021 09:42:06 AM
152996,05-01-1995 12:00:00 AM,NatGas,$CDN/GJ,1.25,09-17-2021 09:42:06 AM
152997,06-01-1995 12:00:00 AM,NatGas,$CDN/GJ,1.27,09-17-2021 09:42:06 AM
152998,07-01-1995 12:00:00 AM,NatGas,$CDN/GJ,1.1,09-17-2021 09:42:06 AM
152999,08-01-1995 12:00:00 AM,NatGas,$CDN/GJ,1.07,09-17-2021 09:42:06 AM
153000,09-01-1995 12:00:00 AM,NatGas,$CDN/GJ,1.2,09-17-2021 09:42:06 AM
153001,10-01-1995 12:00:00 AM,NatGas,$CDN/GJ,1.25,09-17-2021 09:42:06 AM
153002,11-01-1995 12:00:00 AM,NatGas,$CDN/GJ,1.29,09-17-2021 09:42:06 AM
153003,12-01-1995 12:00:00 AM,NatGas,$CDN/GJ,1.39,09-17-2021 09:42:06 AM
153004,01-01-1996 12:00:00 AM,NatGas,$CDN/GJ,1.62,09-17-2021 09:42:06 AM
153005,02-01-1996 12:00:00 AM,NatGas,$CDN/GJ,1.61,09-17-2021 09:42:06 AM
153006,03-01-1996 12:00:00 AM,NatGas,$CDN/GJ,1.6,09-17-2021 09:42:06 AM
153007,04-01-1996 12:00:00 AM,NatGas,$CDN/GJ,1.51,09-17-2021 09:42:06 AM
153008,05-01-1996 12:00:00 AM,NatGas,$CDN/GJ,1.41,09-17-2021 09:42:06 AM
153009,06-01-1996 12:00:00 AM,NatGas,$CDN/GJ,1.37,09-17-2021 09:42:06 AM
153010,07-01-1996 12:00:00 AM,NatGas,$CDN/GJ,1.38,09-17-2021 09:42:06 AM
153011,08-01-1996 12:00:00 AM,NatGas,$CDN/GJ,1.38,09-17-2021 09:42:06 AM
153012,09-01-1996 12:00:00 AM,NatGas,$CDN/GJ,1.2,09-17-2021 09:42:06 AM
153013,10-01-1996 12:00:00 AM,NatGas,$CDN/GJ,1.28,09-17-2021 09:42:06 AM
153014,11-01-1996 12:00:00 AM,NatGas,$CDN/GJ,1.79,09-17-2021 09:42:06 AM
153015,12-01-1996 12:00:00 AM,NatGas,$CDN/GJ,2.36,09-17-2021 09:42:06 AM
153016,01-01-1997 12:00:00 AM,NatGas,$CDN/GJ,2.77,09-17-2021 09:42:06 AM
153017,02-01-1997 12:00:00 AM,NatGas,$CDN/GJ,2.28,09-17-2021 09:42:06 AM
153018,03-01-1997 12:00:00 AM,NatGas,$CDN/GJ,1.39,09-17-2021 09:42:06 AM
153019,04-01-1997 12:00:00 AM,NatGas,$CDN/GJ,1.44,09-17-2021 09:42:06 AM
153020,05-01-1997 12:00:00 AM,NatGas,$CDN/GJ,1.57,09-17-2021 09:42:06 AM
153021,06-01-1997 12:00:00 AM,NatGas,$CDN/GJ,1.65,09-17-2021 09:42:06 AM
153022,07-01-1997 12:00:00 AM,NatGas,$CDN/GJ,1.59,09-17-2021 09:42:06 AM
153023,08-01-1997 12:00:00 AM,NatGas,$CDN/GJ,1.57,09-17-2021 09:42:06 AM
153024,09-01-1997 12:00:00 AM,NatGas,$CDN/GJ,1.73,09-17-2021 09:42:06 AM
153025,10-01-1997 12:00:00 AM,NatGas,$CDN/GJ,2.07,09-17-2021 09:42:06 AM
153026,11-01-1997 12:00:00 AM,NatGas,$CDN/GJ,2.37,09-17-2021 09:42:06 AM
153027,12-01-1997 12:00:00 AM,NatGas,$CDN/GJ,1.95,09-17-2021 09:42:06 AM
153028,01-01-1998 12:00:00 AM,NatGas,$CDN/GJ,1.8,09-17-2021 09:42:06 AM
153029,02-01-1998 12:00:00 AM,NatGas,$CDN/GJ,1.73,09-17-2021 09:42:06 AM
153030,03-01-1998 12:00:00 AM,NatGas,$CDN/GJ,1.71,09-17-2021 09:42:06 AM
153031,04-01-1998 12:00:00 AM,NatGas,$CDN/GJ,1.84,09-17-2021 09:42:06 AM
153032,05-01-1998 12:00:00 AM,NatGas,$CDN/GJ,1.84,09-17-2021 09:42:06 AM
153033,06-01-1998 12:00:00 AM,NatGas,$CDN/GJ,1.71,09-17-2021 09:42:06 AM
153034,07-01-1998 12:00:00 AM,NatGas,$CDN/GJ,1.83,09-17-2021 09:42:06 AM
153035,08-01-1998 12:00:00 AM,NatGas,$CDN/GJ,1.78,09-17-2021 09:42:06 AM
153036,09-01-1998 12:00:00 AM,NatGas,$CDN/GJ,1.56,09-17-2021 09:42:06 AM
153037,10-01-1998 12:00:00 AM,NatGas,$CDN/GJ,1.86,09-17-2021 09:42:06 AM
153038,11-01-1998 12:00:00 AM,NatGas,$CDN/GJ,2.19,09-17-2021 09:42:06 AM
153039,12-01-1998 12:00:00 AM,NatGas,$CDN/GJ,2.22,09-17-2021 09:42:06 AM
153040,01-01-1999 12:00:00 AM,NatGas,$CDN/GJ,2.04,09-17-2021 09:42:06 AM
153041,02-01-1999 12:00:00 AM,NatGas,$CDN/GJ,1.9,09-17-2021 09:42:06 AM
153042,03-01-1999 12:00:00 AM,NatGas,$CDN/GJ,1.8,09-17-2021 09:42:06 AM
153043,04-01-1999 12:00:00 AM,NatGas,$CDN/GJ,1.9,09-17-2021 09:42:07 AM
153044,05-01-1999 12:00:00 AM,NatGas,$CDN/GJ,2.21,09-17-2021 09:42:07 AM
153045,06-01-1999 12:00:00 AM,NatGas,$CDN/GJ,2.22,09-17-2021 09:42:07 AM
153046,07-01-1999 12:00:00 AM,NatGas,$CDN/GJ,2.33,09-17-2021 09:42:07 AM
153047,08-01-1999 12:00:00 AM,NatGas,$CDN/GJ,2.6,09-17-2021 09:42:07 AM
153048,09-01-1999 12:00:00 AM,NatGas,$CDN/GJ,2.86,09-17-2021 09:42:07 AM
153049,10-01-1999 12:00:00 AM,NatGas,$CDN/GJ,2.72,09-17-2021 09:42:07 AM
153050,11-01-1999 12:00:00 AM,NatGas,$CDN/GJ,3.06,09-17-2021 09:42:07 AM
153051,12-01-1999 12:00:00 AM,NatGas,$CDN/GJ,2.54,09-17-2021 09:42:07 AM
153052,01-01-2000 12:00:00 AM,NatGas,$CDN/GJ,2.5,09-17-2021 09:42:07 AM
153053,02-01-2000 12:00:00 AM,NatGas,$CDN/GJ,2.62,09-17-2021 09:42:07 AM
153054,03-01-2000 12:00:00 AM,NatGas,$CDN/GJ,2.72,09-17-2021 09:42:07 AM
153055,04-01-2000 12:00:00 AM,NatGas,$CDN/GJ,3.1,09-17-2021 09:42:07 AM
153056,05-01-2000 12:00:00 AM,NatGas,$CDN/GJ,3.35,09-17-2021 09:42:07 AM
153057,06-01-2000 12:00:00 AM,NatGas,$CDN/GJ,4.33,09-17-2021 09:42:07 AM
153058,07-01-2000 12:00:00 AM,NatGas,$CDN/GJ,4.42,09-17-2021 09:42:07 AM
153059,08-01-2000 12:00:00 AM,NatGas,$CDN/GJ,3.93,09-17-2021 09:42:07 AM
153060,09-01-2000 12:00:00 AM,NatGas,$CDN/GJ,4.66,09-17-2021 09:42:07 AM
153061,10-01-2000 12:00:00 AM,NatGas,$CDN/GJ,5.53,09-17-2021 09:42:07 AM
153062,11-01-2000 12:00:00 AM,NatGas,$CDN/GJ,5.79,09-17-2021 09:42:07 AM
153063,12-01-2000 12:00:00 AM,NatGas,$CDN/GJ,8.28,09-17-2021 09:42:07 AM
153064,01-01-2001 12:00:00 AM,NatGas,$CDN/GJ,11.21,09-17-2021 09:42:07 AM
153065,02-01-2001 12:00:00 AM,NatGas,$CDN/GJ,8.05,09-17-2021 09:42:07 AM
153066,03-01-2001 12:00:00 AM,NatGas,$CDN/GJ,6.48,09-17-2021 09:42:07 AM
153067,04-01-2001 12:00:00 AM,NatGas,$CDN/GJ,6.59,09-17-2021 09:42:07 AM
153068,05-01-2001 12:00:00 AM,NatGas,$CDN/GJ,5.74,09-17-2021 09:42:07 AM
153069,06-01-2001 12:00:00 AM,NatGas,$CDN/GJ,4.44,09-17-2021 09:42:07 AM
153070,07-01-2001 12:00:00 AM,NatGas,$CDN/GJ,3.75,09-17-2021 09:42:07 AM
153071,08-01-2001 12:00:00 AM,NatGas,$CDN/GJ,3.53,09-17-2021 09:42:07 AM
153072,09-01-2001 12:00:00 AM,NatGas,$CDN/GJ,2.76,09-17-2021 09:42:07 AM
153073,10-01-2001 12:00:00 AM,NatGas,$CDN/GJ,2.4,09-17-2021 09:42:07 AM
153074,11-01-2001 12:00:00 AM,NatGas,$CDN/GJ,3.33,09-17-2021 09:42:07 AM
153075,12-01-2001 12:00:00 AM,NatGas,$CDN/GJ,3.2,09-17-2021 09:42:07 AM
153076,01-01-2002 12:00:00 AM,NatGas,$CDN/GJ,3.17,09-17-2021 09:42:07 AM
153077,02-01-2002 12:00:00 AM,NatGas,$CDN/GJ,2.71,09-17-2021 09:42:07 AM
153078,03-01-2002 12:00:00 AM,NatGas,$CDN/GJ,3.23,09-17-2021 09:42:07 AM
153079,04-01-2002 12:00:00 AM,NatGas,$CDN/GJ,3.91,09-17-2021 09:42:07 AM
153080,05-01-2002 12:00:00 AM,NatGas,$CDN/GJ,3.91,09-17-2021 09:42:07 AM
153081,06-01-2002 12:00:00 AM,NatGas,$CDN/GJ,3.54,09-17-2021 09:42:07 AM
153082,07-01-2002 12:00:00 AM,NatGas,$CDN/GJ,3.17,09-17-2021 09:42:07 AM
153083,08-01-2002 12:00:00 AM,NatGas,$CDN/GJ,2.93,09-17-2021 09:42:07 AM
153084,09-01-2002 12:00:00 AM,NatGas,$CDN/GJ,3.51,09-17-2021 09:42:07 AM
153085,10-01-2002 12:00:00 AM,NatGas,$CDN/GJ,4.27,09-17-2021 09:42:07 AM
153086,11-01-2002 12:00:00 AM,NatGas,$CDN/GJ,4.85,09-17-2021 09:42:07 AM
153087,12-01-2002 12:00:00 AM,NatGas,$CDN/GJ,4.94,09-17-2021 09:42:07 AM
153088,01-01-2003 12:00:00 AM,NatGas,$CDN/GJ,5.88,09-17-2021 09:42:07 AM
153089,02-01-2003 12:00:00 AM,NatGas,$CDN/GJ,6.83,09-17-2021 09:42:07 AM
153090,03-01-2003 12:00:00 AM,NatGas,$CDN/GJ,8.94,09-17-2021 09:42:07 AM
153091,04-01-2003 12:00:00 AM,NatGas,$CDN/GJ,5.88,09-17-2021 09:42:07 AM
153092,05-01-2003 12:00:00 AM,NatGas,$CDN/GJ,5.73,09-17-2021 09:42:07 AM
153093,06-01-2003 12:00:00 AM,NatGas,$CDN/GJ,5.93,09-17-2021 09:42:07 AM
153094,07-01-2003 12:00:00 AM,NatGas,$CDN/GJ,5.58,09-17-2021 09:42:07 AM
153095,08-01-2003 12:00:00 AM,NatGas,$CDN/GJ,5.08,09-17-2021 09:42:07 AM
153096,09-01-2003 12:00:00 AM,NatGas,$CDN/GJ,5.19,09-17-2021 09:42:07 AM
153097,10-01-2003 12:00:00 AM,NatGas,$CDN/GJ,4.92,09-17-2021 09:42:07 AM
153098,11-01-2003 12:00:00 AM,NatGas,$CDN/GJ,4.6,09-17-2021 09:42:07 AM
153099,12-01-2003 12:00:00 AM,NatGas,$CDN/GJ,5.11,09-17-2021 09:42:07 AM
153100,01-01-2004 12:00:00 AM,NatGas,$CDN/GJ,6.1,09-17-2021 09:42:07 AM
153101,02-01-2004 12:00:00 AM,NatGas,$CDN/GJ,5.83,09-17-2021 09:42:07 AM
153102,03-01-2004 12:00:00 AM,NatGas,$CDN/GJ,5.49,09-17-2021 09:42:07 AM
153103,04-01-2004 12:00:00 AM,NatGas,$CDN/GJ,5.64,09-17-2021 09:42:07 AM
153104,05-01-2004 12:00:00 AM,NatGas,$CDN/GJ,6.28,09-17-2021 09:42:07 AM
153105,06-01-2004 12:00:00 AM,NatGas,$CDN/GJ,6.47,09-17-2021 09:42:07 AM
153106,07-01-2004 12:00:00 AM,NatGas,$CDN/GJ,6.17,09-17-2021 09:42:07 AM
153107,08-01-2004 12:00:00 AM,NatGas,$CDN/GJ,5.99,09-17-2021 09:42:07 AM
153108,09-01-2004 12:00:00 AM,NatGas,$CDN/GJ,5.21,09-17-2021 09:42:07 AM
153109,10-01-2004 12:00:00 AM,NatGas,$CDN/GJ,5.29,09-17-2021 09:42:07 AM
153110,11-01-2004 12:00:00 AM,NatGas,$CDN/GJ,6.58,09-17-2021 09:42:07 AM
153111,12-01-2004 12:00:00 AM,NatGas,$CDN/GJ,6.7,09-17-2021 09:42:07 AM
153112,01-01-2005 12:00:00 AM,NatGas,$CDN/GJ,6.02,09-17-2021 09:42:07 AM
153113,02-01-2005 12:00:00 AM,NatGas,$CDN/GJ,5.94,09-17-2021 09:42:07 AM
153114,03-01-2005 12:00:00 AM,NatGas,$CDN/GJ,6.3,09-17-2021 09:42:07 AM
153115,04-01-2005 12:00:00 AM,NatGas,$CDN/GJ,6.79,09-17-2021 09:42:07 AM
153116,05-01-2005 12:00:00 AM,NatGas,$CDN/GJ,6.51,09-17-2021 09:42:07 AM
153117,06-01-2005 12:00:00 AM,NatGas,$CDN/GJ,6.34,09-17-2021 09:42:07 AM
153118,07-01-2005 12:00:00 AM,NatGas,$CDN/GJ,6.87,09-17-2021 09:42:07 AM
153119,08-01-2005 12:00:00 AM,NatGas,$CDN/GJ,7.45,09-17-2021 09:42:07 AM
153120,09-01-2005 12:00:00 AM,NatGas,$CDN/GJ,9.46,09-17-2021 09:42:07 AM
153121,10-01-2005 12:00:00 AM,NatGas,$CDN/GJ,11.38,09-17-2021 09:42:07 AM
153122,11-01-2005 12:00:00 AM,NatGas,$CDN/GJ,10.81,09-17-2021 09:42:07 AM
153123,12-01-2005 12:00:00 AM,NatGas,$CDN/GJ,10.54,09-17-2021 09:42:07 AM
153124,01-01-2006 12:00:00 AM,NatGas,$CDN/GJ,9.52,09-17-2021 09:42:07 AM
153125,02-01-2006 12:00:00 AM,NatGas,$CDN/GJ,7.38,09-17-2021 09:42:07 AM
153126,03-01-2006 12:00:00 AM,NatGas,$CDN/GJ,6.47,09-17-2021 09:42:07 AM
153127,04-01-2006 12:00:00 AM,NatGas,$CDN/GJ,6.18,09-17-2021 09:42:07 AM
153128,05-01-2006 12:00:00 AM,NatGas,$CDN/GJ,5.71,09-17-2021 09:42:07 AM
153129,06-01-2006 12:00:00 AM,NatGas,$CDN/GJ,5.29,09-17-2021 09:42:07 AM
153130,07-01-2006 12:00:00 AM,NatGas,$CDN/GJ,5.22,09-17-2021 09:42:07 AM
153131,08-01-2006 12:00:00 AM,NatGas,$CDN/GJ,5.84,09-17-2021 09:42:07 AM
153132,09-01-2006 12:00:00 AM,NatGas,$CDN/GJ,5.12,09-17-2021 09:42:07 AM
153133,10-01-2006 12:00:00 AM,NatGas,$CDN/GJ,4.4,09-17-2021 09:42:07 AM
153134,11-01-2006 12:00:00 AM,NatGas,$CDN/GJ,6.51,09-17-2021 09:42:07 AM
153135,12-01-2006 12:00:00 AM,NatGas,$CDN/GJ,7.05,09-17-2021 09:42:07 AM
153136,01-01-2007 12:00:00 AM,NatGas,$CDN/GJ,6.27,09-17-2021 09:42:07 AM
153137,02-01-2007 12:00:00 AM,NatGas,$CDN/GJ,6.82,09-17-2021 09:42:07 AM
153138,03-01-2007 12:00:00 AM,NatGas,$CDN/GJ,6.92,09-17-2021 09:42:07 AM
153139,04-01-2007 12:00:00 AM,NatGas,$CDN/GJ,6.74,09-17-2021 09:42:07 AM
153140,05-01-2007 12:00:00 AM,NatGas,$CDN/GJ,6.61,09-17-2021 09:42:07 AM
153141,06-01-2007 12:00:00 AM,NatGas,$CDN/GJ,6.21,09-17-2021 09:42:07 AM
153142,07-01-2007 12:00:00 AM,NatGas,$CDN/GJ,5.43,09-17-2021 09:42:07 AM
153143,08-01-2007 12:00:00 AM,NatGas,$CDN/GJ,4.81,09-17-2021 09:42:07 AM
153144,09-01-2007 12:00:00 AM,NatGas,$CDN/GJ,4.42,09-17-2021 09:42:07 AM
153145,10-01-2007 12:00:00 AM,NatGas,$CDN/GJ,6.96,09-17-2021 09:42:07 AM
153146,11-01-2007 12:00:00 AM,NatGas,$CDN/GJ,5.54,09-17-2021 09:42:07 AM
153147,12-01-2007 12:00:00 AM,NatGas,$CDN/GJ,5.85,09-17-2021 09:42:07 AM
153148,01-01-2008 12:00:00 AM,NatGas,$CDN/GJ,6.19,09-17-2021 09:42:07 AM
153149,02-01-2008 12:00:00 AM,NatGas,$CDN/GJ,6.72,09-17-2021 09:42:07 AM
153150,03-01-2008 12:00:00 AM,NatGas,$CDN/GJ,7.52,09-17-2021 09:42:07 AM
153151,04-01-2008 12:00:00 AM,NatGas,$CDN/GJ,8.11,09-17-2021 09:42:07 AM
153152,05-01-2008 12:00:00 AM,NatGas,$CDN/GJ,8.92,09-17-2021 09:42:07 AM
153153,06-01-2008 12:00:00 AM,NatGas,$CDN/GJ,9.87,09-17-2021 09:42:07 AM
153154,07-01-2008 12:00:00 AM,NatGas,$CDN/GJ,9.84,09-17-2021 09:42:07 AM
153155,08-01-2008 12:00:00 AM,NatGas,$CDN/GJ,7.35,09-17-2021 09:42:07 AM
153156,09-01-2008 12:00:00 AM,NatGas,$CDN/GJ,6.28,09-17-2021 09:42:07 AM
153157,10-01-2008 12:00:00 AM,NatGas,$CDN/GJ,6.27,09-17-2021 09:42:07 AM
153158,11-01-2008 12:00:00 AM,NatGas,$CDN/GJ,6.25,09-17-2021 09:42:07 AM
153159,12-01-2008 12:00:00 AM,NatGas,$CDN/GJ,6.36,09-17-2021 09:42:07 AM
153160,01-01-2009 12:00:00 AM,NatGas,$CDN/GJ,5.77,09-17-2021 09:42:07 AM
153161,02-01-2009 12:00:00 AM,NatGas,$CDN/GJ,4.66,09-17-2021 09:42:07 AM
153162,03-01-2009 12:00:00 AM,NatGas,$CDN/GJ,4.01,09-17-2021 09:42:07 AM
153163,04-01-2009 12:00:00 AM,NatGas,$CDN/GJ,3.41,09-17-2021 09:42:07 AM
153164,05-01-2009 12:00:00 AM,NatGas,$CDN/GJ,3.13,09-17-2021 09:42:07 AM
153165,06-01-2009 12:00:00 AM,NatGas,$CDN/GJ,2.97,09-17-2021 09:42:07 AM
153166,07-01-2009 12:00:00 AM,NatGas,$CDN/GJ,2.94,09-17-2021 09:42:07 AM
153167,08-01-2009 12:00:00 AM,NatGas,$CDN/GJ,2.72,09-17-2021 09:42:07 AM
153168,09-01-2009 12:00:00 AM,NatGas,$CDN/GJ,2.48,09-17-2021 09:42:07 AM
153169,10-01-2009 12:00:00 AM,NatGas,$CDN/GJ,3.4,09-17-2021 09:42:07 AM
153170,11-01-2009 12:00:00 AM,NatGas,$CDN/GJ,3.77,09-17-2021 09:42:07 AM
153171,12-01-2009 12:00:00 AM,NatGas,$CDN/GJ,4.51,09-17-2021 09:42:07 AM
153172,01-01-2010 12:00:00 AM,NatGas,$CDN/GJ,4.88,09-17-2021 09:42:07 AM
153173,02-01-2010 12:00:00 AM,NatGas,$CDN/GJ,4.68,09-17-2021 09:42:07 AM
153174,03-01-2010 12:00:00 AM,NatGas,$CDN/GJ,4.05,09-17-2021 09:42:07 AM
153175,04-01-2010 12:00:00 AM,NatGas,$CDN/GJ,3.26,09-17-2021 09:42:07 AM
153176,05-01-2010 12:00:00 AM,NatGas,$CDN/GJ,3.37,09-17-2021 09:42:07 AM
153177,06-01-2010 12:00:00 AM,NatGas,$CDN/GJ,3.49,09-17-2021 09:42:07 AM
153178,07-01-2010 12:00:00 AM,NatGas,$CDN/GJ,3.42,09-17-2021 09:42:07 AM
153179,08-01-2010 12:00:00 AM,NatGas,$CDN/GJ,3.25,09-17-2021 09:42:07 AM
153180,09-01-2010 12:00:00 AM,NatGas,$CDN/GJ,3.14,09-17-2021 09:42:07 AM
153181,10-01-2010 12:00:00 AM,NatGas,$CDN/GJ,2.92,09-17-2021 09:42:07 AM
153182,11-01-2010 12:00:00 AM,NatGas,$CDN/GJ,3.04,09-17-2021 09:42:07 AM
153183,12-01-2010 12:00:00 AM,NatGas,$CDN/GJ,3.34,09-17-2021 09:42:07 AM
153184,01-01-2011 12:00:00 AM,NatGas,$CDN/GJ,3.49,09-17-2021 09:42:07 AM
153185,02-01-2011 12:00:00 AM,NatGas,$CDN/GJ,3.4,09-17-2021 09:42:07 AM
153186,03-01-2011 12:00:00 AM,NatGas,$CDN/GJ,3.19,09-17-2021 09:42:07 AM
153187,04-01-2011 12:00:00 AM,NatGas,$CDN/GJ,3.3,09-17-2021 09:42:07 AM
153188,05-01-2011 12:00:00 AM,NatGas,$CDN/GJ,3.39,09-17-2021 09:42:07 AM
153189,06-01-2011 12:00:00 AM,NatGas,$CDN/GJ,3.51,09-17-2021 09:42:07 AM
153190,07-01-2011 12:00:00 AM,NatGas,$CDN/GJ,3.42,09-17-2021 09:42:07 AM
153191,08-01-2011 12:00:00 AM,NatGas,$CDN/GJ,3.32,09-17-2021 09:42:07 AM
153192,09-01-2011 12:00:00 AM,NatGas,$CDN/GJ,3.24,09-17-2021 09:42:07 AM
153193,10-01-2011 12:00:00 AM,NatGas,$CDN/GJ,3.17,09-17-2021 09:42:07 AM
153194,11-01-2011 12:00:00 AM,NatGas,$CDN/GJ,2.99,09-17-2021 09:42:07 AM
153195,12-01-2011 12:00:00 AM,NatGas,$CDN/GJ,2.92,09-17-2021 09:42:07 AM
153196,01-01-2012 12:00:00 AM,NatGas,$CDN/GJ,2.56,09-17-2021 09:42:07 AM
153197,02-01-2012 12:00:00 AM,NatGas,$CDN/GJ,2.13,09-17-2021 09:42:07 AM
153198,03-01-2012 12:00:00 AM,NatGas,$CDN/GJ,1.83,09-17-2021 09:42:07 AM
153199,04-01-2012 12:00:00 AM,NatGas,$CDN/GJ,1.63,09-17-2021 09:42:07 AM
153200,05-01-2012 12:00:00 AM,NatGas,$CDN/GJ,1.58,09-17-2021 09:42:07 AM
153201,06-01-2012 12:00:00 AM,NatGas,$CDN/GJ,1.75,09-17-2021 09:42:07 AM
153202,07-01-2012 12:00:00 AM,NatGas,$CDN/GJ,1.92,09-17-2021 09:42:07 AM
153203,08-01-2012 12:00:00 AM,NatGas,$CDN/GJ,2.05,09-17-2021 09:42:07 AM
153204,09-01-2012 12:00:00 AM,NatGas,$CDN/GJ,1.94,09-17-2021 09:42:07 AM
153205,10-01-2012 12:00:00 AM,NatGas,$CDN/GJ,2.36,09-17-2021 09:42:07 AM
153206,11-01-2012 12:00:00 AM,NatGas,$CDN/GJ,2.9,09-17-2021 09:42:07 AM
153207,12-01-2012 12:00:00 AM,NatGas,$CDN/GJ,2.98,09-17-2021 09:42:07 AM
153208,01-01-2013 12:00:00 AM,NatGas,$CDN/GJ,2.76,09-17-2021 09:42:07 AM
153209,02-01-2013 12:00:00 AM,NatGas,$CDN/GJ,2.69,09-17-2021 09:42:07 AM
153210,03-01-2013 12:00:00 AM,NatGas,$CDN/GJ,2.85,09-17-2021 09:42:07 AM
153211,04-01-2013 12:00:00 AM,NatGas,$CDN/GJ,3.14,09-17-2021 09:42:07 AM
153212,05-01-2013 12:00:00 AM,NatGas,$CDN/GJ,3.24,09-17-2021 09:42:07 AM
153213,06-01-2013 12:00:00 AM,NatGas,$CDN/GJ,3.17,09-17-2021 09:42:07 AM
153214,07-01-2013 12:00:00 AM,NatGas,$CDN/GJ,2.78,09-17-2021 09:42:07 AM
153215,08-01-2013 12:00:00 AM,NatGas,$CDN/GJ,2.37,09-17-2021 09:42:07 AM
153216,09-01-2013 12:00:00 AM,NatGas,$CDN/GJ,2.14,09-17-2021 09:42:07 AM
153217,10-01-2013 12:00:00 AM,NatGas,$CDN/GJ,2.49,09-17-2021 09:42:07 AM
153218,11-01-2013 12:00:00 AM,NatGas,$CDN/GJ,3.06,09-17-2021 09:42:07 AM
153219,12-01-2013 12:00:00 AM,NatGas,$CDN/GJ,3.22,09-17-2021 09:42:07 AM
153220,01-01-2014 12:00:00 AM,NatGas,$CDN/GJ,3.61,09-17-2021 09:42:07 AM
153221,02-01-2014 12:00:00 AM,NatGas,$CDN/GJ,5.2,09-17-2021 09:42:07 AM
153222,03-01-2014 12:00:00 AM,NatGas,$CDN/GJ,4.9,09-17-2021 09:42:07 AM
153223,04-01-2014 12:00:00 AM,NatGas,$CDN/GJ,4.21,09-17-2021 09:42:07 AM
153224,05-01-2014 12:00:00 AM,NatGas,$CDN/GJ,4.21,09-17-2021 09:42:07 AM
153225,06-01-2014 12:00:00 AM,NatGas,$CDN/GJ,4.17,09-17-2021 09:42:07 AM
153226,07-01-2014 12:00:00 AM,NatGas,$CDN/GJ,3.98,09-17-2021 09:42:07 AM
153227,08-01-2014 12:00:00 AM,NatGas,$CDN/GJ,3.63,09-17-2021 09:42:07 AM
153228,09-01-2014 12:00:00 AM,NatGas,$CDN/GJ,3.64,09-17-2021 09:42:07 AM
153229,10-01-2014 12:00:00 AM,NatGas,$CDN/GJ,3.57,09-17-2021 09:42:07 AM
153230,11-01-2014 12:00:00 AM,NatGas,$CDN/GJ,3.47,09-17-2021 09:42:07 AM
153231,12-01-2014 12:00:00 AM,NatGas,$CDN/GJ,3.39,09-17-2021 09:42:07 AM
153232,01-01-2015 12:00:00 AM,NatGas,$CDN/GJ,2.83,09-17-2021 09:42:07 AM
153233,02-01-2015 12:00:00 AM,NatGas,$CDN/GJ,2.51,09-17-2021 09:42:07 AM
153234,03-01-2015 12:00:00 AM,NatGas,$CDN/GJ,2.53,09-17-2021 09:42:07 AM
153235,04-01-2015 12:00:00 AM,NatGas,$CDN/GJ,2.3,09-17-2021 09:42:07 AM
153236,05-01-2015 12:00:00 AM,NatGas,$CDN/GJ,2.33,09-17-2021 09:42:07 AM
153237,06-01-2015 12:00:00 AM,NatGas,$CDN/GJ,2.36,09-17-2021 09:42:07 AM
153238,07-01-2015 12:00:00 AM,NatGas,$CDN/GJ,2.38,09-17-2021 09:42:07 AM
153239,08-01-2015 12:00:00 AM,NatGas,$CDN/GJ,2.56,09-17-2021 09:42:07 AM
153240,09-01-2015 12:00:00 AM,NatGas,$CDN/GJ,2.55,09-17-2021 09:42:07 AM
153241,10-01-2015 12:00:00 AM,NatGas,$CDN/GJ,2.4,09-17-2021 09:42:07 AM
153242,11-01-2015 12:00:00 AM,NatGas,$CDN/GJ,2.21,09-17-2021 09:42:07 AM
153243,12-01-2015 12:00:00 AM,NatGas,$CDN/GJ,2.12,09-17-2021 09:42:07 AM
153244,01-01-2016 12:00:00 AM,NatGas,$CDN/GJ,2.11,09-17-2021 09:42:07 AM
153245,02-01-2016 12:00:00 AM,NatGas,$CDN/GJ,1.82,09-17-2021 09:42:07 AM
153246,03-01-2016 12:00:00 AM,NatGas,$CDN/GJ,1.36,09-17-2021 09:42:07 AM
153247,04-01-2016 12:00:00 AM,NatGas,$CDN/GJ,1.11,09-17-2021 09:42:07 AM
153248,05-01-2016 12:00:00 AM,NatGas,$CDN/GJ,0.94,09-17-2021 09:42:07 AM
153249,06-01-2016 12:00:00 AM,NatGas,$CDN/GJ,1.23,09-17-2021 09:42:07 AM
153250,07-01-2016 12:00:00 AM,NatGas,$CDN/GJ,1.82,09-17-2021 09:42:07 AM
153251,08-01-2016 12:00:00 AM,NatGas,$CDN/GJ,1.82,09-17-2021 09:42:07 AM
153252,09-01-2016 12:00:00 AM,NatGas,$CDN/GJ,2.12,09-17-2021 09:42:07 AM
153253,10-01-2016 12:00:00 AM,NatGas,$CDN/GJ,2.41,09-17-2021 09:42:07 AM
153254,11-01-2016 12:00:00 AM,NatGas,$CDN/GJ,2.48,09-17-2021 09:42:07 AM
153255,12-01-2016 12:00:00 AM,NatGas,$CDN/GJ,2.75,09-17-2021 09:42:07 AM
153256,01-01-2017 12:00:00 AM,NatGas,$CDN/GJ,2.86,09-17-2021 09:42:07 AM
153257,02-01-2017 12:00:00 AM,NatGas,$CDN/GJ,2.39,09-17-2021 09:42:07 AM
153258,03-01-2017 12:00:00 AM,NatGas,$CDN/GJ,2.2,09-17-2021 09:42:07 AM
153259,04-01-2017 12:00:00 AM,NatGas,$CDN/GJ,2.34,09-17-2021 09:42:07 AM
153260,05-01-2017 12:00:00 AM,NatGas,$CDN/GJ,2.46,09-17-2021 09:42:07 AM
153261,06-01-2017 12:00:00 AM,NatGas,$CDN/GJ,2.39,09-17-2021 09:42:07 AM
153262,07-01-2017 12:00:00 AM,NatGas,$CDN/GJ,1.83,09-17-2021 09:42:07 AM
153263,08-01-2017 12:00:00 AM,NatGas,$CDN/GJ,1.72,09-17-2021 09:42:07 AM
153264,09-01-2017 12:00:00 AM,NatGas,$CDN/GJ,1.2,09-17-2021 09:42:07 AM
153265,10-01-2017 12:00:00 AM,NatGas,$CDN/GJ,1.11,09-17-2021 09:42:07 AM
153266,11-01-2017 12:00:00 AM,NatGas,$CDN/GJ,1.92,09-17-2021 09:42:07 AM
153267,12-01-2017 12:00:00 AM,NatGas,$CDN/GJ,1.82,09-17-2021 09:42:07 AM
153268,01-01-2018 12:00:00 AM,NatGas,$CDN/GJ,1.74,09-17-2021 09:42:07 AM
153269,02-01-2018 12:00:00 AM,NatGas,$CDN/GJ,1.76,09-17-2021 09:42:07 AM
153270,03-01-2018 12:00:00 AM,NatGas,$CDN/GJ,1.54,09-17-2021 09:42:07 AM
153271,04-01-2018 12:00:00 AM,NatGas,$CDN/GJ,1.26,09-17-2021 09:42:07 AM
153272,05-01-2018 12:00:00 AM,NatGas,$CDN/GJ,0.78,09-17-2021 09:42:07 AM
153273,06-01-2018 12:00:00 AM,NatGas,$CDN/GJ,0.75,09-17-2021 09:42:07 AM
153274,07-01-2018 12:00:00 AM,NatGas,$CDN/GJ,1.14,09-17-2021 09:42:07 AM
153275,08-01-2018 12:00:00 AM,NatGas,$CDN/GJ,0.94,09-17-2021 09:42:07 AM
153276,09-01-2018 12:00:00 AM,NatGas,$CDN/GJ,1.03,09-17-2021 09:42:07 AM
153277,10-01-2018 12:00:00 AM,NatGas,$CDN/GJ,1.21,09-17-2021 09:42:07 AM
153278,11-01-2018 12:00:00 AM,NatGas,$CDN/GJ,1.59,09-17-2021 09:42:07 AM
153279,12-01-2018 12:00:00 AM,NatGas,$CDN/GJ,1.69,09-17-2021 09:42:07 AM
153280,01-01-2019 12:00:00 AM,NatGas,$CDN/GJ,1.55,09-17-2021 09:42:07 AM
153281,02-01-2019 12:00:00 AM,NatGas,$CDN/GJ,2.1,09-17-2021 09:42:07 AM
153282,03-01-2019 12:00:00 AM,NatGas,$CDN/GJ,1.99,09-17-2021 09:42:07 AM
153283,04-01-2019 12:00:00 AM,NatGas,$CDN/GJ,0.91,09-17-2021 09:42:07 AM
153284,05-01-2019 12:00:00 AM,NatGas,$CDN/GJ,1.22,09-17-2021 09:42:07 AM
153285,06-01-2019 12:00:00 AM,NatGas,$CDN/GJ,0.55,09-17-2021 09:42:07 AM
153286,07-01-2019 12:00:00 AM,NatGas,$CDN/GJ,0.87,09-17-2021 09:42:07 AM
153287,08-01-2019 12:00:00 AM,NatGas,$CDN/GJ,0.82,09-17-2021 09:42:07 AM
153288,09-01-2019 12:00:00 AM,NatGas,$CDN/GJ,0.76,09-17-2021 09:42:07 AM
153289,10-01-2019 12:00:00 AM,NatGas,$CDN/GJ,1.63,09-17-2021 09:42:07 AM
153290,11-01-2019 12:00:00 AM,NatGas,$CDN/GJ,2.19,09-17-2021 09:42:07 AM
153291,12-01-2019 12:00:00 AM,NatGas,$CDN/GJ,2.22,09-17-2021 09:42:07 AM
153292,01-01-2020 12:00:00 AM,NatGas,$CDN/GJ,2.06,09-17-2021 09:42:07 AM
153293,02-01-2020 12:00:00 AM,NatGas,$CDN/GJ,1.79,09-17-2021 09:42:07 AM
153294,03-01-2020 12:00:00 AM,WTI,$US/bbl,29.21,09-17-2021 09:42:07 AM
153295,03-01-2020 12:00:00 AM,WCS,$US/bbl,12.84,09-17-2021 09:42:07 AM
153296,04-01-2020 12:00:00 AM,WTI,$US/bbl,16.55,09-17-2021 09:42:07 AM
153297,04-01-2020 12:00:00 AM,WCS,$US/bbl,3.5,09-17-2021 09:42:07 AM
153298,03-01-2020 12:00:00 AM,NatGas,$CDN/GJ,1.6,09-17-2021 09:42:07 AM
153299,04-01-2020 12:00:00 AM,NatGas,$CDN/GJ,1.56,09-17-2021 09:42:07 AM
153300,05-01-2020 12:00:00 AM,WTI,$US/bbl,28.56,09-17-2021 09:42:07 AM
153301,05-01-2020 12:00:00 AM,WCS,$US/bbl,11.67,09-17-2021 09:42:07 AM
153302,06-01-2020 12:00:00 AM,WTI,$US/bbl,38.31,09-17-2021 09:42:07 AM
153303,06-01-2020 12:00:00 AM,WCS,$US/bbl,33.97,09-17-2021 09:42:07 AM
153304,05-01-2020 12:00:00 AM,NatGas,$CDN/GJ,1.66,09-17-2021 09:42:07 AM
153305,07-01-2020 12:00:00 AM,WCS,$US/bbl,32.5,09-17-2021 09:42:07 AM
153306,07-01-2020 12:00:00 AM,WTI,$US/bbl,40.71,09-17-2021 09:42:07 AM
153307,06-01-2020 12:00:00 AM,NatGas,$CDN/GJ,1.65,09-17-2021 09:42:07 AM
153308,08-01-2020 12:00:00 AM,WTI,$US/bbl,42.34,09-17-2021 09:42:07 AM
153309,08-01-2020 12:00:00 AM,WCS,$US/bbl,34.6,09-17-2021 09:42:07 AM
153310,07-01-2020 12:00:00 AM,NatGas,$CDN/GJ,1.62,09-17-2021 09:42:07 AM
153311,08-01-2020 12:00:00 AM,NatGas,$CDN/GJ,1.85,09-17-2021 09:42:07 AM
153312,09-01-2020 12:00:00 AM,WCS,$US/bbl,28.43,09-17-2021 09:42:07 AM
153313,09-01-2020 12:00:00 AM,WTI,$US/bbl,39.63,09-17-2021 09:42:07 AM
153314,09-01-2020 12:00:00 AM,NatGas,$CDN/GJ,2,09-17-2021 09:42:07 AM
153315,10-01-2020 12:00:00 AM,WCS,$US/bbl,31.17,09-17-2021 09:42:07 AM
153316,10-01-2020 12:00:00 AM,WTI,$US/bbl,39.4,09-17-2021 09:42:07 AM
153317,11-01-2020 12:00:00 AM,WCS,$US/bbl,31.57,09-17-2021 09:42:07 AM
153318,11-01-2020 12:00:00 AM,WTI,$US/bbl,40.94,09-17-2021 09:42:07 AM
153319,10-01-2020 12:00:00 AM,NatGas,$CDN/GJ,1.99,09-17-2021 09:42:07 AM
153320,11-01-2020 12:00:00 AM,NatGas,$CDN/GJ,2.58,09-17-2021 09:42:07 AM
153321,12-01-2020 12:00:00 AM,WCS,$US/bbl,37.32,09-17-2021 09:42:07 AM
153322,12-01-2020 12:00:00 AM,WTI,$US/bbl,47.02,09-17-2021 09:42:07 AM
153323,12-01-2020 12:00:00 AM,NatGas,$CDN/GJ,2.41,09-17-2021 09:42:07 AM
153324,01-01-2021 12:00:00 AM,WCS,$US/bbl,40.04,09-17-2021 09:42:07 AM
153325,01-01-2021 12:00:00 AM,WTI,$US/bbl,52,09-17-2021 09:42:07 AM
153326,01-01-2021 12:00:00 AM,NatGas,$CDN/GJ,2.32,09-17-2021 09:42:07 AM
153327,02-01-2021 12:00:00 AM,WCS,$US/bbl,45.13,09-17-2021 09:42:07 AM
153328,02-01-2021 12:00:00 AM,WTI,$US/bbl,59.04,09-17-2021 09:42:07 AM
153329,02-01-2021 12:00:00 AM,NatGas,$CDN/GJ,3,09-17-2021 09:42:07 AM
153330,03-01-2021 12:00:00 AM,WCS,$US/bbl,50.94,09-17-2021 09:42:07 AM
153331,03-01-2021 12:00:00 AM,WTI,$US/bbl,62.33,09-17-2021 09:42:07 AM
153332,03-01-2021 12:00:00 AM,NatGas,$CDN/GJ,2.54,09-17-2021 09:42:07 AM
153333,04-01-2021 12:00:00 AM,WCS,$US/bbl,50.51,09-17-2021 09:42:07 AM
153334,04-01-2021 12:00:00 AM,WTI,$US/bbl,61.72,09-17-2021 09:42:07 AM
153335,04-01-2021 12:00:00 AM,NatGas,$CDN/GJ,2.33,09-17-2021 09:42:07 AM
153336,05-01-2021 12:00:00 AM,WTI,$US/bbl,65.17,09-17-2021 09:42:07 AM
153337,05-01-2021 12:00:00 AM,WCS,$US/bbl,54.78,09-17-2021 09:42:07 AM
153338,06-01-2021 12:00:00 AM,WTI,$US/bbl,71.38,09-17-2021 09:42:07 AM
153339,06-01-2021 12:00:00 AM,WCS,$US/bbl,58.46,09-17-2021 09:42:07 AM
153340,05-01-2021 12:00:00 AM,NatGas,$CDN/GJ,2.56,09-17-2021 09:42:07 AM
153341,07-01-2021 12:00:00 AM,WTI,$US/bbl,72.49,09-17-2021 09:42:07 AM
153342,07-01-2021 12:00:00 AM,WCS,$US/bbl,58.46,09-17-2021 09:42:07 AM
153343,06-01-2021 12:00:00 AM,NatGas,$CDN/GJ,2.78,09-17-2021 09:42:07 AM
153344,07-01-2021 12:00:00 AM,NatGas,$CDN/GJ,3.17,09-17-2021 09:42:07 AM
