ID,When,Type,Alberta,ModifiedDate
97516,01-01-2007 12:00:00 AM,Conventional Oil,2707743.4,09-30-2021 11:18:17 AM
97517,01-01-2007 12:00:00 AM,Non-Conventional Oil,5604533.2,09-30-2021 11:18:17 AM
97518,01-01-2007 12:00:00 AM,Natural Gas,11802035900,09-30-2021 11:18:17 AM
97519,02-01-2007 12:00:00 AM,Natural Gas,10625649100,09-30-2021 11:18:17 AM
97520,02-01-2007 12:00:00 AM,Conventional Oil,2450594.2,09-30-2021 11:18:17 AM
97521,02-01-2007 12:00:00 AM,Non-Conventional Oil,5414892.8,09-30-2021 11:18:17 AM
97522,03-01-2007 12:00:00 AM,Natural Gas,11857260000,09-30-2021 11:18:17 AM
97523,03-01-2007 12:00:00 AM,Conventional Oil,2703836.8,09-30-2021 11:18:17 AM
97524,03-01-2007 12:00:00 AM,Non-Conventional Oil,6082110.5,09-30-2021 11:18:17 AM
97525,04-01-2007 12:00:00 AM,Non-Conventional Oil,5463210.8,09-30-2021 11:18:17 AM
97526,04-01-2007 12:00:00 AM,Natural Gas,11494242300,09-30-2021 11:18:17 AM
97527,04-01-2007 12:00:00 AM,Conventional Oil,2567241.4,09-30-2021 11:18:17 AM
97528,05-01-2007 12:00:00 AM,Non-Conventional Oil,5460600.2,09-30-2021 11:18:17 AM
97529,05-01-2007 12:00:00 AM,Natural Gas,11691035100,09-30-2021 11:18:17 AM
97530,05-01-2007 12:00:00 AM,Conventional Oil,2614545.2,09-30-2021 11:18:17 AM
97531,06-01-2007 12:00:00 AM,Conventional Oil,2493203.4,09-30-2021 11:18:17 AM
97532,06-01-2007 12:00:00 AM,Non-Conventional Oil,5116667.3,09-30-2021 11:18:17 AM
97533,06-01-2007 12:00:00 AM,Natural Gas,10969959700,09-30-2021 11:18:17 AM
97534,07-01-2007 12:00:00 AM,Natural Gas,11288091400,09-30-2021 11:18:17 AM
97535,07-01-2007 12:00:00 AM,Conventional Oil,2587857.9,09-30-2021 11:18:17 AM
97536,07-01-2007 12:00:00 AM,Non-Conventional Oil,5897322.8,09-30-2021 11:18:17 AM
97537,08-01-2007 12:00:00 AM,Natural Gas,11454413900,09-30-2021 11:18:17 AM
97538,08-01-2007 12:00:00 AM,Non-Conventional Oil,6563190.2,09-30-2021 11:18:17 AM
97539,08-01-2007 12:00:00 AM,Conventional Oil,2625063.6,09-30-2021 11:18:17 AM
97540,09-01-2007 12:00:00 AM,Conventional Oil,2542775.1,09-30-2021 11:18:17 AM
97541,09-01-2007 12:00:00 AM,Non-Conventional Oil,5958279.5,09-30-2021 11:18:17 AM
97542,09-01-2007 12:00:00 AM,Natural Gas,10837386100,09-30-2021 11:18:17 AM
97543,10-01-2007 12:00:00 AM,Natural Gas,11329483100,09-30-2021 11:18:17 AM
97544,10-01-2007 12:00:00 AM,Conventional Oil,2660162.3,09-30-2021 11:18:17 AM
97545,10-01-2007 12:00:00 AM,Non-Conventional Oil,6261577.2,09-30-2021 11:18:17 AM
97546,11-01-2007 12:00:00 AM,Conventional Oil,2582593.5,09-30-2021 11:18:17 AM
97547,11-01-2007 12:00:00 AM,Natural Gas,10838370800,09-30-2021 11:18:17 AM
97548,11-01-2007 12:00:00 AM,Non-Conventional Oil,5899203.4,09-30-2021 11:18:17 AM
97549,12-01-2007 12:00:00 AM,Conventional Oil,2653020.4,09-30-2021 11:18:17 AM
97550,12-01-2007 12:00:00 AM,Natural Gas,11183664700,09-30-2021 11:18:17 AM
97551,12-01-2007 12:00:00 AM,Non-Conventional Oil,5368131.5,09-30-2021 11:18:17 AM
97552,01-01-2008 12:00:00 AM,Non-Conventional Oil,5891070,09-30-2021 11:18:17 AM
97553,01-01-2008 12:00:00 AM,Conventional Oil,2589269.4,09-30-2021 11:18:17 AM
97554,01-01-2008 12:00:00 AM,Natural Gas,10980935700,09-30-2021 11:18:17 AM
97555,02-01-2008 12:00:00 AM,Conventional Oil,2424163.9,09-30-2021 11:18:17 AM
97556,02-01-2008 12:00:00 AM,Non-Conventional Oil,5334417.3,09-30-2021 11:18:17 AM
97557,02-01-2008 12:00:00 AM,Natural Gas,10147513800,09-30-2021 11:18:17 AM
97558,03-01-2008 12:00:00 AM,Non-Conventional Oil,5844382.4,09-30-2021 11:18:17 AM
97559,03-01-2008 12:00:00 AM,Natural Gas,11150199500,09-30-2021 11:18:17 AM
97560,03-01-2008 12:00:00 AM,Conventional Oil,2668296.6,09-30-2021 11:18:17 AM
97561,04-01-2008 12:00:00 AM,Non-Conventional Oil,5363264,09-30-2021 11:18:17 AM
97562,04-01-2008 12:00:00 AM,Natural Gas,10919866200,09-30-2021 11:18:17 AM
97563,04-01-2008 12:00:00 AM,Conventional Oil,2539888.3,09-30-2021 11:18:17 AM
97564,05-01-2008 12:00:00 AM,Conventional Oil,2530247.2,09-30-2021 11:18:17 AM
97565,05-01-2008 12:00:00 AM,Natural Gas,10995861300,09-30-2021 11:18:17 AM
97566,05-01-2008 12:00:00 AM,Non-Conventional Oil,5187830.4,09-30-2021 11:18:17 AM
97567,06-01-2008 12:00:00 AM,Natural Gas,10390330200,09-30-2021 11:18:17 AM
97568,06-01-2008 12:00:00 AM,Non-Conventional Oil,5613894.4,09-30-2021 11:18:17 AM
97569,06-01-2008 12:00:00 AM,Conventional Oil,2378587.6,09-30-2021 11:18:17 AM
97570,07-01-2008 12:00:00 AM,Conventional Oil,2526018.2,09-30-2021 11:18:17 AM
97571,07-01-2008 12:00:00 AM,Natural Gas,10952690100,09-30-2021 11:18:17 AM
97572,07-01-2008 12:00:00 AM,Non-Conventional Oil,6236885.7,09-30-2021 11:18:17 AM
97573,08-01-2008 12:00:00 AM,Conventional Oil,2538445.1,09-30-2021 11:18:17 AM
97574,08-01-2008 12:00:00 AM,Non-Conventional Oil,6355391.7,09-30-2021 11:18:17 AM
97575,08-01-2008 12:00:00 AM,Natural Gas,10860352600,09-30-2021 11:18:17 AM
97576,09-01-2008 12:00:00 AM,Non-Conventional Oil,5779555.8,09-30-2021 11:18:17 AM
97577,09-01-2008 12:00:00 AM,Conventional Oil,2458040.1,09-30-2021 11:18:17 AM
97578,09-01-2008 12:00:00 AM,Natural Gas,10401685700,09-30-2021 11:18:17 AM
97579,10-01-2008 12:00:00 AM,Non-Conventional Oil,6021170.7,09-30-2021 11:18:17 AM
97580,10-01-2008 12:00:00 AM,Conventional Oil,2555471.9,09-30-2021 11:18:17 AM
97581,10-01-2008 12:00:00 AM,Natural Gas,10722789700,09-30-2021 11:18:17 AM
97582,11-01-2008 12:00:00 AM,Non-Conventional Oil,6144194.3,09-30-2021 11:18:17 AM
97583,11-01-2008 12:00:00 AM,Natural Gas,10375347200,09-30-2021 11:18:17 AM
97584,11-01-2008 12:00:00 AM,Conventional Oil,2463236.5,09-30-2021 11:18:17 AM
97585,12-01-2008 12:00:00 AM,Non-Conventional Oil,6259388.5,09-30-2021 11:18:17 AM
97586,12-01-2008 12:00:00 AM,Conventional Oil,2462488.3,09-30-2021 11:18:17 AM
97587,12-01-2008 12:00:00 AM,Natural Gas,10337836500,09-30-2021 11:18:17 AM
97588,01-01-2009 12:00:00 AM,Natural Gas,10364157300,09-30-2021 11:18:17 AM
97589,01-01-2009 12:00:00 AM,Conventional Oil,2427019.1,09-30-2021 11:18:17 AM
97590,01-01-2009 12:00:00 AM,Non-Conventional Oil,6188192.4,09-30-2021 11:18:17 AM
97591,02-01-2009 12:00:00 AM,Natural Gas,9572810600,09-30-2021 11:18:17 AM
97592,02-01-2009 12:00:00 AM,Conventional Oil,2222681.9,09-30-2021 11:18:17 AM
97593,02-01-2009 12:00:00 AM,Non-Conventional Oil,5899431.6,09-30-2021 11:18:17 AM
97594,03-01-2009 12:00:00 AM,Non-Conventional Oil,6214096,09-30-2021 11:18:17 AM
97595,03-01-2009 12:00:00 AM,Natural Gas,10485242000,09-30-2021 11:18:17 AM
97596,03-01-2009 12:00:00 AM,Conventional Oil,2413559.6,09-30-2021 11:18:17 AM
97597,04-01-2009 12:00:00 AM,Conventional Oil,2311917.8,09-30-2021 11:18:17 AM
97598,04-01-2009 12:00:00 AM,Natural Gas,10344389600,09-30-2021 11:18:17 AM
97599,04-01-2009 12:00:00 AM,Non-Conventional Oil,5631426.8,09-30-2021 11:18:17 AM
97600,05-01-2009 12:00:00 AM,Conventional Oil,2299602.8,09-30-2021 11:18:17 AM
97601,05-01-2009 12:00:00 AM,Non-Conventional Oil,6180852.7,09-30-2021 11:18:17 AM
97602,05-01-2009 12:00:00 AM,Natural Gas,10300282300,09-30-2021 11:18:17 AM
97603,06-01-2009 12:00:00 AM,Non-Conventional Oil,6488880.3,09-30-2021 11:18:17 AM
97604,06-01-2009 12:00:00 AM,Conventional Oil,2219622,09-30-2021 11:18:17 AM
97605,06-01-2009 12:00:00 AM,Natural Gas,9932244200,09-30-2021 11:18:17 AM
97606,07-01-2009 12:00:00 AM,Conventional Oil,2308707.2,09-30-2021 11:18:17 AM
97607,07-01-2009 12:00:00 AM,Non-Conventional Oil,7067458,09-30-2021 11:18:17 AM
97608,07-01-2009 12:00:00 AM,Natural Gas,10157096800,09-30-2021 11:18:17 AM
97609,08-01-2009 12:00:00 AM,Natural Gas,9984667000,09-30-2021 11:18:17 AM
97610,08-01-2009 12:00:00 AM,Non-Conventional Oil,6849020.5,09-30-2021 11:18:17 AM
97611,08-01-2009 12:00:00 AM,Conventional Oil,2319714.9,09-30-2021 11:18:17 AM
97612,09-01-2009 12:00:00 AM,Non-Conventional Oil,6414893.1,09-30-2021 11:18:17 AM
97613,09-01-2009 12:00:00 AM,Natural Gas,9118634900,09-30-2021 11:18:17 AM
97614,09-01-2009 12:00:00 AM,Conventional Oil,2212676,09-30-2021 11:18:17 AM
97615,10-01-2009 12:00:00 AM,Non-Conventional Oil,6952096.3,09-30-2021 11:18:17 AM
97616,10-01-2009 12:00:00 AM,Conventional Oil,2284811.5,09-30-2021 11:18:17 AM
97617,10-01-2009 12:00:00 AM,Natural Gas,9485261800,09-30-2021 11:18:17 AM
97618,11-01-2009 12:00:00 AM,Natural Gas,9442642900,09-30-2021 11:18:17 AM
97619,11-01-2009 12:00:00 AM,Non-Conventional Oil,7005668.5,09-30-2021 11:18:17 AM
97620,11-01-2009 12:00:00 AM,Conventional Oil,2252494.5,09-30-2021 11:18:17 AM
97621,12-01-2009 12:00:00 AM,Non-Conventional Oil,6560493.1,09-30-2021 11:18:17 AM
97622,12-01-2009 12:00:00 AM,Natural Gas,9404811000,09-30-2021 11:18:17 AM
97623,12-01-2009 12:00:00 AM,Conventional Oil,2259351.5,09-30-2021 11:18:17 AM
97624,01-01-2010 12:00:00 AM,Conventional Oil,2278535.3,09-30-2021 11:18:17 AM
97625,01-01-2010 12:00:00 AM,Natural Gas,9587092300,09-30-2021 11:18:17 AM
97626,01-01-2010 12:00:00 AM,Non-Conventional Oil,5968168.2,09-30-2021 11:18:17 AM
97627,02-01-2010 12:00:00 AM,Non-Conventional Oil,6238742.9,09-30-2021 11:18:17 AM
97628,02-01-2010 12:00:00 AM,Natural Gas,8787291700,09-30-2021 11:18:17 AM
97629,02-01-2010 12:00:00 AM,Conventional Oil,2108766.8,09-30-2021 11:18:17 AM
97630,03-01-2010 12:00:00 AM,Non-Conventional Oil,6924355.2,09-30-2021 11:18:17 AM
97631,03-01-2010 12:00:00 AM,Conventional Oil,2352116.8,09-30-2021 11:18:17 AM
97632,03-01-2010 12:00:00 AM,Natural Gas,9863017800,09-30-2021 11:18:17 AM
97633,04-01-2010 12:00:00 AM,Non-Conventional Oil,6700924.9,09-30-2021 11:18:17 AM
97634,04-01-2010 12:00:00 AM,Conventional Oil,2245983.6,09-30-2021 11:18:17 AM
97635,04-01-2010 12:00:00 AM,Natural Gas,9622388700,09-30-2021 11:18:17 AM
97636,05-01-2010 12:00:00 AM,Natural Gas,9790009400,09-30-2021 11:18:17 AM
97637,05-01-2010 12:00:00 AM,Non-Conventional Oil,7328029.1,09-30-2021 11:18:17 AM
97638,05-01-2010 12:00:00 AM,Conventional Oil,2304554.8,09-30-2021 11:18:17 AM
97639,06-01-2010 12:00:00 AM,Natural Gas,9112047000,09-30-2021 11:18:17 AM
97640,06-01-2010 12:00:00 AM,Non-Conventional Oil,7340886.7,09-30-2021 11:18:17 AM
97641,06-01-2010 12:00:00 AM,Conventional Oil,2192497.5,09-30-2021 11:18:17 AM
97642,07-01-2010 12:00:00 AM,Non-Conventional Oil,7571798.3,09-30-2021 11:18:17 AM
97643,07-01-2010 12:00:00 AM,Natural Gas,9584063800,09-30-2021 11:18:17 AM
97644,07-01-2010 12:00:00 AM,Conventional Oil,2286966.9,09-30-2021 11:18:17 AM
97645,08-01-2010 12:00:00 AM,Non-Conventional Oil,7486064.1,09-30-2021 11:18:17 AM
97646,08-01-2010 12:00:00 AM,Natural Gas,9586635100,09-30-2021 11:18:17 AM
97647,08-01-2010 12:00:00 AM,Conventional Oil,2310148.6,09-30-2021 11:18:17 AM
97648,09-01-2010 12:00:00 AM,Conventional Oil,2204683.1,09-30-2021 11:18:17 AM
97649,09-01-2010 12:00:00 AM,Non-Conventional Oil,6638169.8,09-30-2021 11:18:17 AM
97650,09-01-2010 12:00:00 AM,Natural Gas,8953293400,09-30-2021 11:18:17 AM
97651,10-01-2010 12:00:00 AM,Conventional Oil,2333947,09-30-2021 11:18:17 AM
97652,10-01-2010 12:00:00 AM,Non-Conventional Oil,7195056,09-30-2021 11:18:17 AM
97653,10-01-2010 12:00:00 AM,Natural Gas,9294761500,09-30-2021 11:18:17 AM
97654,11-01-2010 12:00:00 AM,Natural Gas,8801163600,09-30-2021 11:18:17 AM
97655,11-01-2010 12:00:00 AM,Conventional Oil,2306025,09-30-2021 11:18:17 AM
97656,11-01-2010 12:00:00 AM,Non-Conventional Oil,7759823,09-30-2021 11:18:17 AM
97657,12-01-2010 12:00:00 AM,Non-Conventional Oil,8218928.7,09-30-2021 11:18:17 AM
97658,12-01-2010 12:00:00 AM,Conventional Oil,2410320.1,09-30-2021 11:18:17 AM
97659,12-01-2010 12:00:00 AM,Natural Gas,9180499900,09-30-2021 11:18:17 AM
97660,01-01-2011 12:00:00 AM,Conventional Oil,2380002.7,09-30-2021 11:18:17 AM
97661,01-01-2011 12:00:00 AM,Natural Gas,9074097300,09-30-2021 11:18:17 AM
97662,01-01-2011 12:00:00 AM,Non-Conventional Oil,7744551.1,09-30-2021 11:18:17 AM
97663,02-01-2011 12:00:00 AM,Conventional Oil,2188150.2,09-30-2021 11:18:17 AM
97664,02-01-2011 12:00:00 AM,Non-Conventional Oil,7148457,09-30-2021 11:18:17 AM
97665,02-01-2011 12:00:00 AM,Natural Gas,8251698600,09-30-2021 11:18:17 AM
97666,03-01-2011 12:00:00 AM,Non-Conventional Oil,7706970.7,09-30-2021 11:18:17 AM
97667,03-01-2011 12:00:00 AM,Natural Gas,9091712400,09-30-2021 11:18:17 AM
97668,03-01-2011 12:00:00 AM,Conventional Oil,2455478.1,09-30-2021 11:18:17 AM
97669,04-01-2011 12:00:00 AM,Non-Conventional Oil,7445175.9,09-30-2021 11:18:17 AM
97670,04-01-2011 12:00:00 AM,Natural Gas,9104141800,09-30-2021 11:18:17 AM
97671,04-01-2011 12:00:00 AM,Conventional Oil,2395944.1,09-30-2021 11:18:17 AM
97672,05-01-2011 12:00:00 AM,Natural Gas,9051266800,09-30-2021 11:18:17 AM
97673,05-01-2011 12:00:00 AM,Conventional Oil,2298500.5,09-30-2021 11:18:17 AM
97674,05-01-2011 12:00:00 AM,Non-Conventional Oil,6595892.6,09-30-2021 11:18:17 AM
97675,06-01-2011 12:00:00 AM,Conventional Oil,2219853.9,09-30-2021 11:18:17 AM
97676,06-01-2011 12:00:00 AM,Natural Gas,8796907500,09-30-2021 11:18:17 AM
97677,06-01-2011 12:00:00 AM,Non-Conventional Oil,7248012.9,09-30-2021 11:18:17 AM
97678,07-01-2011 12:00:00 AM,Non-Conventional Oil,8333780.3,09-30-2021 11:18:17 AM
97679,07-01-2011 12:00:00 AM,Conventional Oil,2344236.1,09-30-2021 11:18:17 AM
97680,07-01-2011 12:00:00 AM,Natural Gas,9156216300,09-30-2021 11:18:17 AM
97681,08-01-2011 12:00:00 AM,Natural Gas,9059126600,09-30-2021 11:18:17 AM
97682,08-01-2011 12:00:00 AM,Conventional Oil,2432271,09-30-2021 11:18:17 AM
97683,08-01-2011 12:00:00 AM,Non-Conventional Oil,8773933.4,09-30-2021 11:18:17 AM
97684,09-01-2011 12:00:00 AM,Natural Gas,8632952800,09-30-2021 11:18:17 AM
97685,09-01-2011 12:00:00 AM,Conventional Oil,2437164.3,09-30-2021 11:18:17 AM
97686,09-01-2011 12:00:00 AM,Non-Conventional Oil,8038588.3,09-30-2021 11:18:17 AM
97687,10-01-2011 12:00:00 AM,Natural Gas,8914243200,09-30-2021 11:18:17 AM
97688,10-01-2011 12:00:00 AM,Conventional Oil,2594440.2,09-30-2021 11:18:17 AM
97689,10-01-2011 12:00:00 AM,Non-Conventional Oil,8500593.3,09-30-2021 11:18:17 AM
97690,11-01-2011 12:00:00 AM,Natural Gas,8859161600,09-30-2021 11:18:17 AM
97691,11-01-2011 12:00:00 AM,Conventional Oil,2597544.5,09-30-2021 11:18:17 AM
97692,11-01-2011 12:00:00 AM,Non-Conventional Oil,8015631.6,09-30-2021 11:18:17 AM
97693,12-01-2011 12:00:00 AM,Conventional Oil,2791461.7,09-30-2021 11:18:17 AM
97694,12-01-2011 12:00:00 AM,Natural Gas,9286980100,09-30-2021 11:18:17 AM
97695,12-01-2011 12:00:00 AM,Non-Conventional Oil,8699535.7,09-30-2021 11:18:17 AM
97696,01-01-2012 12:00:00 AM,Conventional Oil,2732441,09-30-2021 11:18:17 AM
97697,01-01-2012 12:00:00 AM,Non-Conventional Oil,8781010.4,09-30-2021 11:18:17 AM
97698,01-01-2012 12:00:00 AM,Natural Gas,8873359200,09-30-2021 11:18:17 AM
97699,02-01-2012 12:00:00 AM,Non-Conventional Oil,7956982.4,09-30-2021 11:18:17 AM
97700,02-01-2012 12:00:00 AM,Natural Gas,8348839900,09-30-2021 11:18:17 AM
97701,02-01-2012 12:00:00 AM,Conventional Oil,2619447.1,09-30-2021 11:18:17 AM
97702,03-01-2012 12:00:00 AM,Conventional Oil,2888108.6,09-30-2021 11:18:17 AM
97703,03-01-2012 12:00:00 AM,Natural Gas,8957755000,09-30-2021 11:18:17 AM
97704,03-01-2012 12:00:00 AM,Non-Conventional Oil,7949891.1,09-30-2021 11:18:17 AM
97705,04-01-2012 12:00:00 AM,Conventional Oil,2753463.4,09-30-2021 11:18:17 AM
97706,04-01-2012 12:00:00 AM,Non-Conventional Oil,8197718.7,09-30-2021 11:18:17 AM
97707,04-01-2012 12:00:00 AM,Natural Gas,8583941100,09-30-2021 11:18:17 AM
97708,05-01-2012 12:00:00 AM,Natural Gas,8701638900,09-30-2021 11:18:17 AM
97709,05-01-2012 12:00:00 AM,Non-Conventional Oil,8455655.8,09-30-2021 11:18:17 AM
97710,05-01-2012 12:00:00 AM,Conventional Oil,2780625.7,09-30-2021 11:18:17 AM
97711,06-01-2012 12:00:00 AM,Non-Conventional Oil,8342345.1,09-30-2021 11:18:17 AM
97712,06-01-2012 12:00:00 AM,Natural Gas,8190368900,09-30-2021 11:18:17 AM
97713,06-01-2012 12:00:00 AM,Conventional Oil,2613764.1,09-30-2021 11:18:17 AM
97714,07-01-2012 12:00:00 AM,Non-Conventional Oil,9327507.2,09-30-2021 11:18:17 AM
97715,07-01-2012 12:00:00 AM,Natural Gas,8399085600,09-30-2021 11:18:17 AM
97716,07-01-2012 12:00:00 AM,Conventional Oil,2685879.5,09-30-2021 11:18:17 AM
97717,08-01-2012 12:00:00 AM,Conventional Oil,2715176.2,09-30-2021 11:18:17 AM
97718,08-01-2012 12:00:00 AM,Non-Conventional Oil,9228519.7,09-30-2021 11:18:17 AM
97719,08-01-2012 12:00:00 AM,Natural Gas,8344328600,09-30-2021 11:18:17 AM
97720,09-01-2012 12:00:00 AM,Non-Conventional Oil,8539397,09-30-2021 11:18:17 AM
97721,09-01-2012 12:00:00 AM,Natural Gas,8029030100,09-30-2021 11:18:17 AM
97722,09-01-2012 12:00:00 AM,Conventional Oil,2667676.6,09-30-2021 11:18:17 AM
97723,10-01-2012 12:00:00 AM,Natural Gas,8446202900,09-30-2021 11:18:17 AM
97724,10-01-2012 12:00:00 AM,Conventional Oil,2851859.7,09-30-2021 11:18:17 AM
97725,10-01-2012 12:00:00 AM,Non-Conventional Oil,9044593.5,09-30-2021 11:18:17 AM
97726,11-01-2012 12:00:00 AM,Conventional Oil,2810820.2,09-30-2021 11:18:17 AM
97727,11-01-2012 12:00:00 AM,Natural Gas,8290892300,09-30-2021 11:18:17 AM
97728,11-01-2012 12:00:00 AM,Non-Conventional Oil,8820338.2,09-30-2021 11:18:17 AM
97729,12-01-2012 12:00:00 AM,Conventional Oil,2951518.5,09-30-2021 11:18:17 AM
97730,12-01-2012 12:00:00 AM,Non-Conventional Oil,9902794.6,09-30-2021 11:18:17 AM
97731,12-01-2012 12:00:00 AM,Natural Gas,8410643500,09-30-2021 11:18:17 AM
97732,01-01-2013 12:00:00 AM,Conventional Oil,2915192,09-30-2021 11:18:17 AM
97733,01-01-2013 12:00:00 AM,Natural Gas,8740099100,09-30-2021 11:18:17 AM
97734,01-01-2013 12:00:00 AM,Non-Conventional Oil,9550096,09-30-2021 11:18:17 AM
97735,02-01-2013 12:00:00 AM,Conventional Oil,2715962.5,09-30-2021 11:18:17 AM
97736,02-01-2013 12:00:00 AM,Non-Conventional Oil,8597166.4,09-30-2021 11:18:17 AM
97737,02-01-2013 12:00:00 AM,Natural Gas,7962578700,09-30-2021 11:18:17 AM
97738,03-01-2013 12:00:00 AM,Non-Conventional Oil,9670964.1,09-30-2021 11:18:17 AM
97739,03-01-2013 12:00:00 AM,Conventional Oil,3020869.1,09-30-2021 11:18:17 AM
97740,03-01-2013 12:00:00 AM,Natural Gas,8526284300,09-30-2021 11:18:17 AM
97741,04-01-2013 12:00:00 AM,Conventional Oil,2922439.8,09-30-2021 11:18:17 AM
97742,04-01-2013 12:00:00 AM,Non-Conventional Oil,8664912.2,09-30-2021 11:18:17 AM
97743,04-01-2013 12:00:00 AM,Natural Gas,8364788000,09-30-2021 11:18:17 AM
97744,05-01-2013 12:00:00 AM,Natural Gas,8526197000,09-30-2021 11:18:17 AM
97745,05-01-2013 12:00:00 AM,Conventional Oil,2955266.7,09-30-2021 11:18:17 AM
97746,05-01-2013 12:00:00 AM,Non-Conventional Oil,7983656.4,09-30-2021 11:18:17 AM
97747,06-01-2013 12:00:00 AM,Natural Gas,8083923000,09-30-2021 11:18:17 AM
97748,06-01-2013 12:00:00 AM,Non-Conventional Oil,8635533.2,09-30-2021 11:18:17 AM
97749,06-01-2013 12:00:00 AM,Conventional Oil,2790362.2,09-30-2021 11:18:17 AM
97750,07-01-2013 12:00:00 AM,Non-Conventional Oil,9463548.1,09-30-2021 11:18:17 AM
97751,07-01-2013 12:00:00 AM,Conventional Oil,2866765.6,09-30-2021 11:18:17 AM
97752,07-01-2013 12:00:00 AM,Natural Gas,8421280600,09-30-2021 11:18:17 AM
97753,08-01-2013 12:00:00 AM,Non-Conventional Oil,10341161.7,09-30-2021 11:18:17 AM
97754,08-01-2013 12:00:00 AM,Natural Gas,8435552800,09-30-2021 11:18:17 AM
97755,08-01-2013 12:00:00 AM,Conventional Oil,2904370.2,09-30-2021 11:18:17 AM
97756,09-01-2013 12:00:00 AM,Conventional Oil,2790922.6,09-30-2021 11:18:17 AM
97757,09-01-2013 12:00:00 AM,Non-Conventional Oil,9431723.4,09-30-2021 11:18:17 AM
97758,09-01-2013 12:00:00 AM,Natural Gas,7980098100,09-30-2021 11:18:17 AM
97759,10-01-2013 12:00:00 AM,Non-Conventional Oil,9978262.6,09-30-2021 11:18:17 AM
97760,10-01-2013 12:00:00 AM,Conventional Oil,2944608.3,09-30-2021 11:18:17 AM
97761,10-01-2013 12:00:00 AM,Natural Gas,8453306300,09-30-2021 11:18:17 AM
97762,11-01-2013 12:00:00 AM,Natural Gas,8178584100,09-30-2021 11:18:17 AM
97763,11-01-2013 12:00:00 AM,Non-Conventional Oil,10082113.1,09-30-2021 11:18:17 AM
97764,11-01-2013 12:00:00 AM,Conventional Oil,2876720.9,09-30-2021 11:18:17 AM
97765,12-01-2013 12:00:00 AM,Non-Conventional Oil,10607783.3,09-30-2021 11:18:17 AM
97766,12-01-2013 12:00:00 AM,Conventional Oil,3013396.9,09-30-2021 11:18:17 AM
97767,12-01-2013 12:00:00 AM,Natural Gas,8461676700,09-30-2021 11:18:17 AM
97768,01-01-2014 12:00:00 AM,Non-Conventional Oil,10446214.4,09-30-2021 11:18:17 AM
97769,01-01-2014 12:00:00 AM,Natural Gas,8572787800,09-30-2021 11:18:17 AM
97770,01-01-2014 12:00:00 AM,Conventional Oil,2994975.3,09-30-2021 11:18:17 AM
97771,02-01-2014 12:00:00 AM,Natural Gas,7660218400,09-30-2021 11:18:17 AM
97772,02-01-2014 12:00:00 AM,Non-Conventional Oil,9331343.8,09-30-2021 11:18:17 AM
97773,02-01-2014 12:00:00 AM,Conventional Oil,2727232.9,09-30-2021 11:18:17 AM
97774,03-01-2014 12:00:00 AM,Natural Gas,8588898900,09-30-2021 11:18:17 AM
97775,03-01-2014 12:00:00 AM,Non-Conventional Oil,10693056.1,09-30-2021 11:18:17 AM
97776,03-01-2014 12:00:00 AM,Conventional Oil,3112810.9,09-30-2021 11:18:17 AM
97777,04-01-2014 12:00:00 AM,Conventional Oil,3029087.6,09-30-2021 11:18:17 AM
97778,04-01-2014 12:00:00 AM,Non-Conventional Oil,9891522.6,09-30-2021 11:18:17 AM
97779,04-01-2014 12:00:00 AM,Natural Gas,8512610886,09-30-2021 11:18:17 AM
97780,05-01-2014 12:00:00 AM,Non-Conventional Oil,9961027.9,09-30-2021 11:18:17 AM
97781,05-01-2014 12:00:00 AM,Natural Gas,8545923100,09-30-2021 11:18:17 AM
97782,05-01-2014 12:00:00 AM,Conventional Oil,3001481.2,09-30-2021 11:18:17 AM
97783,06-01-2014 12:00:00 AM,Natural Gas,8047224700,09-30-2021 11:18:17 AM
97784,06-01-2014 12:00:00 AM,Conventional Oil,2877738.5,09-30-2021 11:18:17 AM
97785,06-01-2014 12:00:00 AM,Non-Conventional Oil,10180281.5,09-30-2021 11:18:17 AM
97786,07-01-2014 12:00:00 AM,Natural Gas,8692806300,09-30-2021 11:18:17 AM
97787,07-01-2014 12:00:00 AM,Conventional Oil,2977729.8,09-30-2021 11:18:17 AM
97788,07-01-2014 12:00:00 AM,Non-Conventional Oil,10735825.9,09-30-2021 11:18:17 AM
97789,08-01-2014 12:00:00 AM,Conventional Oil,3017995.3,09-30-2021 11:18:17 AM
97790,08-01-2014 12:00:00 AM,Non-Conventional Oil,10745034.3,09-30-2021 11:18:17 AM
97791,08-01-2014 12:00:00 AM,Natural Gas,8776658000,09-30-2021 11:18:17 AM
97792,09-01-2014 12:00:00 AM,Conventional Oil,2880356.2,09-30-2021 11:18:17 AM
97793,09-01-2014 12:00:00 AM,Non-Conventional Oil,10366186.3,09-30-2021 11:18:17 AM
97794,09-01-2014 12:00:00 AM,Natural Gas,8184310800,09-30-2021 11:18:17 AM
97795,10-01-2014 12:00:00 AM,Conventional Oil,3024697.1,09-30-2021 11:18:17 AM
97796,10-01-2014 12:00:00 AM,Natural Gas,9000472000,09-30-2021 11:18:17 AM
97797,10-01-2014 12:00:00 AM,Non-Conventional Oil,11343763.9,09-30-2021 11:18:17 AM
97798,11-01-2014 12:00:00 AM,Conventional Oil,2890350.8,09-30-2021 11:18:17 AM
97799,11-01-2014 12:00:00 AM,Non-Conventional Oil,10648232.8,09-30-2021 11:18:17 AM
97800,11-01-2014 12:00:00 AM,Natural Gas,8653529300,09-30-2021 11:18:17 AM
97801,12-01-2014 12:00:00 AM,Natural Gas,9153477100,09-30-2021 11:18:17 AM
97802,12-01-2014 12:00:00 AM,Conventional Oil,3045358.7,09-30-2021 11:18:17 AM
97803,12-01-2014 12:00:00 AM,Non-Conventional Oil,11336684.6,09-30-2021 11:18:17 AM
97804,01-01-2015 12:00:00 AM,Conventional Oil,2982698.3,09-30-2021 11:18:17 AM
97805,01-01-2015 12:00:00 AM,Natural Gas,9016730800,09-30-2021 11:18:17 AM
97806,01-01-2015 12:00:00 AM,Non-Conventional Oil,11628537.9,09-30-2021 11:18:17 AM
97807,02-01-2015 12:00:00 AM,Conventional Oil,2681046.3,09-30-2021 11:18:17 AM
97808,02-01-2015 12:00:00 AM,Natural Gas,8247773500,09-30-2021 11:18:17 AM
97809,02-01-2015 12:00:00 AM,Non-Conventional Oil,11011262,09-30-2021 11:18:17 AM
97810,03-01-2015 12:00:00 AM,Non-Conventional Oil,11959256.9,09-30-2021 11:18:17 AM
97811,03-01-2015 12:00:00 AM,Natural Gas,9090941400,09-30-2021 11:18:17 AM
97812,03-01-2015 12:00:00 AM,Conventional Oil,2889093,09-30-2021 11:18:17 AM
97813,04-01-2015 12:00:00 AM,Non-Conventional Oil,10300090.7,09-30-2021 11:18:17 AM
97814,04-01-2015 12:00:00 AM,Conventional Oil,2727872,09-30-2021 11:18:17 AM
97815,04-01-2015 12:00:00 AM,Natural Gas,8848310212,09-30-2021 11:18:17 AM
97816,05-01-2015 12:00:00 AM,Conventional Oil,2722692.4,09-30-2021 11:18:17 AM
97817,05-01-2015 12:00:00 AM,Natural Gas,8770126100,09-30-2021 11:18:17 AM
97818,05-01-2015 12:00:00 AM,Non-Conventional Oil,9738078.7,09-30-2021 11:18:17 AM
97819,06-01-2015 12:00:00 AM,Natural Gas,8510411400,09-30-2021 11:18:17 AM
97820,06-01-2015 12:00:00 AM,Conventional Oil,2555805.5,09-30-2021 11:18:17 AM
97821,06-01-2015 12:00:00 AM,Non-Conventional Oil,10656352.1,09-30-2021 11:18:17 AM
97822,07-01-2015 12:00:00 AM,Conventional Oil,2661151.8,09-30-2021 11:18:17 AM
97823,07-01-2015 12:00:00 AM,Natural Gas,8751321400,09-30-2021 11:18:17 AM
97824,07-01-2015 12:00:00 AM,Non-Conventional Oil,12674885.3,09-30-2021 11:18:17 AM
97825,08-01-2015 12:00:00 AM,Natural Gas,8602924900,09-30-2021 11:18:17 AM
97826,08-01-2015 12:00:00 AM,Conventional Oil,2618856,09-30-2021 11:18:17 AM
97827,08-01-2015 12:00:00 AM,Non-Conventional Oil,13232898,09-30-2021 11:18:17 AM
97828,09-01-2015 12:00:00 AM,Conventional Oil,2488144,09-30-2021 11:18:17 AM
97829,09-01-2015 12:00:00 AM,Non-Conventional Oil,10543736.8,09-30-2021 11:18:17 AM
97830,09-01-2015 12:00:00 AM,Natural Gas,8347117600,09-30-2021 11:18:17 AM
97831,10-01-2015 12:00:00 AM,Conventional Oil,2572278.3,09-30-2021 11:18:17 AM
97832,10-01-2015 12:00:00 AM,Natural Gas,8756993300,09-30-2021 11:18:17 AM
97833,10-01-2015 12:00:00 AM,Non-Conventional Oil,11849586.4,09-30-2021 11:18:17 AM
97834,11-01-2015 12:00:00 AM,Conventional Oil,2495741.4,09-30-2021 11:18:17 AM
97835,11-01-2015 12:00:00 AM,Non-Conventional Oil,12005731,09-30-2021 11:18:17 AM
97836,11-01-2015 12:00:00 AM,Natural Gas,8656328600,09-30-2021 11:18:17 AM
97837,12-01-2015 12:00:00 AM,Conventional Oil,2552873,09-30-2021 11:18:17 AM
97838,12-01-2015 12:00:00 AM,Non-Conventional Oil,12612300.9,09-30-2021 11:18:17 AM
97839,12-01-2015 12:00:00 AM,Natural Gas,9134593000,09-30-2021 11:18:17 AM
97840,01-01-2016 12:00:00 AM,Conventional Oil,2516116.9,09-30-2021 11:18:17 AM
97841,01-01-2016 12:00:00 AM,Natural Gas,9115988200,09-30-2021 11:18:17 AM
97842,01-01-2016 12:00:00 AM,Non-Conventional Oil,12488415.4,09-30-2021 11:18:17 AM
97843,02-01-2016 12:00:00 AM,Natural Gas,8738144100,09-30-2021 11:18:17 AM
97844,02-01-2016 12:00:00 AM,Non-Conventional Oil,11594999.9,09-30-2021 11:18:17 AM
97845,02-01-2016 12:00:00 AM,Conventional Oil,2295291.3,09-30-2021 11:18:17 AM
97846,03-01-2016 12:00:00 AM,Non-Conventional Oil,12208942.7,09-30-2021 11:18:17 AM
97847,03-01-2016 12:00:00 AM,Natural Gas,9237308700,09-30-2021 11:18:17 AM
97848,03-01-2016 12:00:00 AM,Conventional Oil,2537561.1,09-30-2021 11:18:17 AM
97849,04-01-2016 12:00:00 AM,Conventional Oil,2401173.7,09-30-2021 11:18:17 AM
97850,04-01-2016 12:00:00 AM,Natural Gas,8734040430,09-30-2021 11:18:17 AM
97851,04-01-2016 12:00:00 AM,Non-Conventional Oil,10330178.2,09-30-2021 11:18:17 AM
97852,05-01-2016 12:00:00 AM,Natural Gas,8680566600,09-30-2021 11:18:17 AM
97853,05-01-2016 12:00:00 AM,Conventional Oil,2420363.6,09-30-2021 11:18:17 AM
97854,05-01-2016 12:00:00 AM,Non-Conventional Oil,7744318.7,09-30-2021 11:18:17 AM
97855,06-01-2016 12:00:00 AM,Conventional Oil,2357896.7,09-30-2021 11:18:17 AM
97856,06-01-2016 12:00:00 AM,Non-Conventional Oil,9177229.6,09-30-2021 11:18:17 AM
97857,06-01-2016 12:00:00 AM,Natural Gas,8354547500,09-30-2021 11:18:17 AM
97858,07-01-2016 12:00:00 AM,Non-Conventional Oil,12137980,09-30-2021 11:18:17 AM
97859,07-01-2016 12:00:00 AM,Natural Gas,8775596400,09-30-2021 11:18:17 AM
97860,07-01-2016 12:00:00 AM,Conventional Oil,2423625.1,09-30-2021 11:18:17 AM
97861,08-01-2016 12:00:00 AM,Non-Conventional Oil,12767829.3,09-30-2021 11:18:17 AM
97862,08-01-2016 12:00:00 AM,Conventional Oil,2380641.2,09-30-2021 11:18:17 AM
97863,08-01-2016 12:00:00 AM,Natural Gas,8925258400,09-30-2021 11:18:17 AM
97864,09-01-2016 12:00:00 AM,Conventional Oil,2313272,09-30-2021 11:18:17 AM
97865,09-01-2016 12:00:00 AM,Non-Conventional Oil,12262825.9,09-30-2021 11:18:17 AM
97866,09-01-2016 12:00:00 AM,Natural Gas,8581672500,09-30-2021 11:18:17 AM
97867,10-01-2016 12:00:00 AM,Conventional Oil,2312103.1,09-30-2021 11:18:17 AM
97868,10-01-2016 12:00:00 AM,Natural Gas,8727082000,09-30-2021 11:18:17 AM
97869,10-01-2016 12:00:00 AM,Non-Conventional Oil,12989581.6,09-30-2021 11:18:17 AM
97870,11-01-2016 12:00:00 AM,Conventional Oil,2291035.3,09-30-2021 11:18:17 AM
97871,11-01-2016 12:00:00 AM,Non-Conventional Oil,13541955.7,09-30-2021 11:18:17 AM
97872,11-01-2016 12:00:00 AM,Natural Gas,8621788200,09-30-2021 11:18:17 AM
97873,12-01-2016 12:00:00 AM,Non-Conventional Oil,13230084.6,09-30-2021 11:18:17 AM
97874,12-01-2016 12:00:00 AM,Conventional Oil,2372845.3,09-30-2021 11:18:17 AM
97875,12-01-2016 12:00:00 AM,Natural Gas,8924453700,09-30-2021 11:18:17 AM
97876,01-01-2017 12:00:00 AM,Conventional Oil,2392279.9,09-30-2021 11:18:17 AM
97877,01-01-2017 12:00:00 AM,Non-Conventional Oil,13767925.9,09-30-2021 11:18:17 AM
97878,01-01-2017 12:00:00 AM,Natural Gas,9083690900,09-30-2021 11:18:17 AM
97879,02-01-2017 12:00:00 AM,Non-Conventional Oil,12602626.7,09-30-2021 11:18:17 AM
97880,02-01-2017 12:00:00 AM,Conventional Oil,2192763.3,09-30-2021 11:18:17 AM
97881,02-01-2017 12:00:00 AM,Natural Gas,8197831400,09-30-2021 11:18:17 AM
97882,03-01-2017 12:00:00 AM,Natural Gas,9278660300,09-30-2021 11:18:17 AM
97883,03-01-2017 12:00:00 AM,Non-Conventional Oil,12797993.5,09-30-2021 11:18:17 AM
97884,03-01-2017 12:00:00 AM,Conventional Oil,2457699.7,09-30-2021 11:18:17 AM
97885,04-01-2017 12:00:00 AM,Conventional Oil,2393263.6,09-30-2021 11:18:17 AM
97886,04-01-2017 12:00:00 AM,Non-Conventional Oil,10882085.5,09-30-2021 11:18:17 AM
97887,04-01-2017 12:00:00 AM,Natural Gas,8999862900,09-30-2021 11:18:17 AM
97888,05-01-2017 12:00:00 AM,Conventional Oil,2463488.3,09-30-2021 11:18:17 AM
97889,05-01-2017 12:00:00 AM,Non-Conventional Oil,11816106.7,09-30-2021 11:18:17 AM
97890,05-01-2017 12:00:00 AM,Natural Gas,9039225300,09-30-2021 11:18:17 AM
97891,06-01-2017 12:00:00 AM,Non-Conventional Oil,11900580.6,09-30-2021 11:18:17 AM
97892,06-01-2017 12:00:00 AM,Natural Gas,8838860700,09-30-2021 11:18:17 AM
97893,06-01-2017 12:00:00 AM,Conventional Oil,2391916.9,09-30-2021 11:18:17 AM
97894,07-01-2017 12:00:00 AM,Natural Gas,9262628300,09-30-2021 11:18:17 AM
97895,07-01-2017 12:00:00 AM,Conventional Oil,2492208,09-30-2021 11:18:17 AM
97896,07-01-2017 12:00:00 AM,Non-Conventional Oil,13274094.9,09-30-2021 11:18:17 AM
97897,08-01-2017 12:00:00 AM,Natural Gas,8968245300,09-30-2021 11:18:17 AM
97898,08-01-2017 12:00:00 AM,Conventional Oil,2455406.1,09-30-2021 11:18:17 AM
97899,08-01-2017 12:00:00 AM,Non-Conventional Oil,14330562.3,09-30-2021 11:18:17 AM
97900,09-01-2017 12:00:00 AM,Conventional Oil,2475729.6,09-30-2021 11:18:17 AM
97901,09-01-2017 12:00:00 AM,Natural Gas,8870063200,09-30-2021 11:18:17 AM
97902,09-01-2017 12:00:00 AM,Non-Conventional Oil,12870313.8,09-30-2021 11:18:17 AM
97903,10-01-2017 12:00:00 AM,Non-Conventional Oil,12728580.9,09-30-2021 11:18:17 AM
97904,10-01-2017 12:00:00 AM,Natural Gas,9143094400,09-30-2021 11:18:17 AM
97905,10-01-2017 12:00:00 AM,Conventional Oil,2598055,09-30-2021 11:18:17 AM
97906,11-01-2017 12:00:00 AM,Non-Conventional Oil,13698899.3,09-30-2021 11:18:17 AM
97907,11-01-2017 12:00:00 AM,Conventional Oil,2580596.9,09-30-2021 11:18:17 AM
97908,11-01-2017 12:00:00 AM,Natural Gas,9217832900,09-30-2021 11:18:17 AM
97909,12-01-2017 12:00:00 AM,Natural Gas,9544256300,09-30-2021 11:18:17 AM
97910,12-01-2017 12:00:00 AM,Non-Conventional Oil,14505016,09-30-2021 11:18:17 AM
97911,12-01-2017 12:00:00 AM,Conventional Oil,2675987.5,09-30-2021 11:18:17 AM
97912,01-01-2018 12:00:00 AM,Non-Conventional Oil,13751022.9,09-30-2021 11:18:17 AM
97913,01-01-2018 12:00:00 AM,Natural Gas,9491330700,09-30-2021 11:18:17 AM
97914,01-01-2018 12:00:00 AM,Conventional Oil,2645574,09-30-2021 11:18:17 AM
97915,02-01-2018 12:00:00 AM,Conventional Oil,2415498.4,09-30-2021 11:18:17 AM
97916,02-01-2018 12:00:00 AM,Non-Conventional Oil,12879292.2,09-30-2021 11:18:17 AM
97917,02-01-2018 12:00:00 AM,Natural Gas,8532434000,09-30-2021 11:18:17 AM
97918,03-01-2018 12:00:00 AM,Non-Conventional Oil,14342122.6,09-30-2021 11:18:17 AM
97919,03-01-2018 12:00:00 AM,Natural Gas,9505107100,09-30-2021 11:18:17 AM
97920,03-01-2018 12:00:00 AM,Conventional Oil,2745919,09-30-2021 11:18:17 AM
97921,04-01-2018 12:00:00 AM,Natural Gas,9064061100,09-30-2021 11:18:17 AM
97922,04-01-2018 12:00:00 AM,Non-Conventional Oil,12349429.5,09-30-2021 11:18:17 AM
97923,04-01-2018 12:00:00 AM,Conventional Oil,2743208.3,09-30-2021 11:18:17 AM
97924,05-01-2018 12:00:00 AM,Conventional Oil,2823943.9,09-30-2021 11:18:17 AM
97925,05-01-2018 12:00:00 AM,Non-Conventional Oil,13811779.8,09-30-2021 11:18:17 AM
97926,05-01-2018 12:00:00 AM,Natural Gas,9002809000,09-30-2021 11:18:17 AM
97927,06-01-2018 12:00:00 AM,Conventional Oil,2706176.4,09-30-2021 11:18:17 AM
97928,06-01-2018 12:00:00 AM,Non-Conventional Oil,13465187.4,09-30-2021 11:18:17 AM
97929,06-01-2018 12:00:00 AM,Natural Gas,8641039600,09-30-2021 11:18:17 AM
97930,07-01-2018 12:00:00 AM,Conventional Oil,2870091.1,09-30-2021 11:18:17 AM
97931,07-01-2018 12:00:00 AM,Non-Conventional Oil,14319566.5,09-30-2021 11:18:17 AM
97932,07-01-2018 12:00:00 AM,Natural Gas,9063169900,09-30-2021 11:18:17 AM
97933,08-01-2018 12:00:00 AM,Conventional Oil,2982474.3,09-30-2021 11:18:17 AM
97934,08-01-2018 12:00:00 AM,Natural Gas,9210779400,09-30-2021 11:18:17 AM
97935,08-01-2018 12:00:00 AM,Non-Conventional Oil,15395848.9,09-30-2021 11:18:17 AM
97936,09-01-2018 12:00:00 AM,Non-Conventional Oil,13514191.1,09-30-2021 11:18:17 AM
97937,09-01-2018 12:00:00 AM,Conventional Oil,2885799.6,09-30-2021 11:18:17 AM
97938,09-01-2018 12:00:00 AM,Natural Gas,8782362900,09-30-2021 11:18:17 AM
97939,10-01-2018 12:00:00 AM,Natural Gas,9136385700,09-30-2021 11:18:17 AM
97940,10-01-2018 12:00:00 AM,Conventional Oil,2991510.9,09-30-2021 11:18:17 AM
97941,10-01-2018 12:00:00 AM,Non-Conventional Oil,15062982.5,09-30-2021 11:18:17 AM
97942,11-01-2018 12:00:00 AM,Non-Conventional Oil,14917863.1,09-30-2021 11:18:17 AM
97943,11-01-2018 12:00:00 AM,Natural Gas,8990459900,09-30-2021 11:18:17 AM
97944,11-01-2018 12:00:00 AM,Conventional Oil,2851147.9,09-30-2021 11:18:17 AM
97945,12-01-2018 12:00:00 AM,Conventional Oil,2894827.4,09-30-2021 11:18:17 AM
97946,12-01-2018 12:00:00 AM,Natural Gas,9486306000,09-30-2021 11:18:17 AM
97947,12-01-2018 12:00:00 AM,Non-Conventional Oil,15225805.5,09-30-2021 11:18:17 AM
97948,01-01-2019 12:00:00 AM,Natural Gas,9253893800,09-30-2021 11:18:17 AM
97949,01-01-2019 12:00:00 AM,Conventional Oil,2835456,09-30-2021 11:18:17 AM
97950,01-01-2019 12:00:00 AM,Non-Conventional Oil,13966728,09-30-2021 11:18:17 AM
97951,02-01-2019 12:00:00 AM,Natural Gas,7981058100,09-30-2021 11:18:17 AM
97952,02-01-2019 12:00:00 AM,Conventional Oil,2503672.8,09-30-2021 11:18:17 AM
97953,02-01-2019 12:00:00 AM,Non-Conventional Oil,12794304,09-30-2021 11:18:17 AM
97954,03-01-2019 12:00:00 AM,Conventional Oil,2858713.6,09-30-2021 11:18:17 AM
97955,03-01-2019 12:00:00 AM,Natural Gas,9223366400,09-30-2021 11:18:17 AM
97956,03-01-2019 12:00:00 AM,Non-Conventional Oil,14251801.7,09-30-2021 11:18:17 AM
97957,04-01-2019 12:00:00 AM,Non-Conventional Oil,14154673.8,09-30-2021 11:18:17 AM
97958,04-01-2019 12:00:00 AM,Conventional Oil,2814907.2,09-30-2021 11:18:17 AM
97959,04-01-2019 12:00:00 AM,Natural Gas,8877068800,09-30-2021 11:18:17 AM
97960,05-01-2019 12:00:00 AM,Natural Gas,8937726600,09-30-2021 11:18:17 AM
97961,05-01-2019 12:00:00 AM,Conventional Oil,2848100.5,09-30-2021 11:18:17 AM
97962,05-01-2019 12:00:00 AM,Non-Conventional Oil,13843963.5,09-30-2021 11:18:17 AM
97963,06-01-2019 12:00:00 AM,Non-Conventional Oil,14196878.1,09-30-2021 11:18:17 AM
97964,06-01-2019 12:00:00 AM,Conventional Oil,2689754.1,09-30-2021 11:18:17 AM
97965,06-01-2019 12:00:00 AM,Natural Gas,8352580300,09-30-2021 11:18:17 AM
97966,07-01-2019 12:00:00 AM,Conventional Oil,2789658,09-30-2021 11:18:17 AM
97967,07-01-2019 12:00:00 AM,Natural Gas,8737534900,09-30-2021 11:18:17 AM
97968,07-01-2019 12:00:00 AM,Non-Conventional Oil,14861765.4,09-30-2021 11:18:17 AM
97969,08-01-2019 12:00:00 AM,Conventional Oil,2817250.1,09-30-2021 11:18:17 AM
97970,08-01-2019 12:00:00 AM,Non-Conventional Oil,14985923.8,09-30-2021 11:18:17 AM
97971,08-01-2019 12:00:00 AM,Natural Gas,8702985600,09-30-2021 11:18:17 AM
97972,09-01-2019 12:00:00 AM,Non-Conventional Oil,14039449.6,09-30-2021 11:18:17 AM
97973,09-01-2019 12:00:00 AM,Conventional Oil,2708799.9,09-30-2021 11:18:17 AM
97974,09-01-2019 12:00:00 AM,Natural Gas,8263800200,09-30-2021 11:18:17 AM
97975,10-01-2019 12:00:00 AM,Conventional Oil,2802447.1,09-30-2021 11:18:17 AM
97976,10-01-2019 12:00:00 AM,Natural Gas,8818772900,09-30-2021 11:18:17 AM
97977,10-01-2019 12:00:00 AM,Non-Conventional Oil,14242119,09-30-2021 11:18:17 AM
97978,11-01-2019 12:00:00 AM,Non-Conventional Oil,14242021.6,09-30-2021 11:18:17 AM
97979,11-01-2019 12:00:00 AM,Natural Gas,8749348900,09-30-2021 11:18:17 AM
97980,11-01-2019 12:00:00 AM,Conventional Oil,2804337.8,09-30-2021 11:18:17 AM
97981,12-01-2019 12:00:00 AM,Non-Conventional Oil,15504612.4,09-30-2021 11:18:17 AM
97982,12-01-2019 12:00:00 AM,Natural Gas,9157734000,09-30-2021 11:18:17 AM
97983,12-01-2019 12:00:00 AM,Conventional Oil,2910404.8,09-30-2021 11:18:17 AM
97984,01-01-2020 12:00:00 AM,Conventional Oil,2782871,09-30-2021 11:18:17 AM
97985,01-01-2020 12:00:00 AM,Non-Conventional Oil,14983601.1,09-30-2021 11:18:17 AM
97986,01-01-2020 12:00:00 AM,Natural Gas,8692327800,09-30-2021 11:18:17 AM
97987,02-01-2020 12:00:00 AM,Non-Conventional Oil,14135932,09-30-2021 11:18:17 AM
97988,02-01-2020 12:00:00 AM,Natural Gas,8359921400,09-30-2021 11:18:17 AM
97989,02-01-2020 12:00:00 AM,Conventional Oil,2724764.4,09-30-2021 11:18:17 AM
97990,03-01-2020 12:00:00 AM,Natural Gas,8779060200,09-30-2021 11:18:17 AM
97991,03-01-2020 12:00:00 AM,Non-Conventional Oil,14837905.8,09-30-2021 11:18:17 AM
97992,03-01-2020 12:00:00 AM,Conventional Oil,2835731.6,09-30-2021 11:18:17 AM
97993,04-01-2020 12:00:00 AM,Natural Gas,8314961900,09-30-2021 11:18:17 AM
97994,04-01-2020 12:00:00 AM,Non-Conventional Oil,12458925.4,09-30-2021 11:18:17 AM
97995,04-01-2020 12:00:00 AM,Conventional Oil,2306739.8,09-30-2021 11:18:17 AM
97996,05-01-2020 12:00:00 AM,Natural Gas,8397966800,09-30-2021 11:18:17 AM
97997,05-01-2020 12:00:00 AM,Conventional Oil,1982695.1,09-30-2021 11:18:17 AM
97998,05-01-2020 12:00:00 AM,Non-Conventional Oil,12270285.3,09-30-2021 11:18:17 AM
97999,06-01-2020 12:00:00 AM,Natural Gas,8048516199,09-30-2021 11:18:17 AM
98000,06-01-2020 12:00:00 AM,Non-Conventional Oil,12660578,09-30-2021 11:18:17 AM
98001,06-01-2020 12:00:00 AM,Conventional Oil,2164051.3,09-30-2021 11:18:17 AM
98002,07-01-2020 12:00:00 AM,Natural Gas,8263358899,09-30-2021 11:18:17 AM
98003,07-01-2020 12:00:00 AM,Non-Conventional Oil,12973088.9,09-30-2021 11:18:17 AM
98004,07-01-2020 12:00:00 AM,Conventional Oil,2361594.6,09-30-2021 11:18:17 AM
98005,08-01-2020 12:00:00 AM,Natural Gas,8286585600,09-30-2021 11:18:17 AM
98006,08-01-2020 12:00:00 AM,Non-Conventional Oil,12564510.2,09-30-2021 11:18:17 AM
98007,08-01-2020 12:00:00 AM,Conventional Oil,2435018.8,09-30-2021 11:18:17 AM
98008,09-01-2020 12:00:00 AM,Natural Gas,7894861600,09-30-2021 11:18:17 AM
98009,09-01-2020 12:00:00 AM,Non-Conventional Oil,12670770.4,09-30-2021 11:18:17 AM
98010,09-01-2020 12:00:00 AM,Conventional Oil,2296290.8,09-30-2021 11:18:17 AM
98011,10-01-2020 12:00:00 AM,Conventional Oil,2443251.7,09-30-2021 11:18:17 AM
98012,10-01-2020 12:00:00 AM,Non-Conventional Oil,14007060.6,09-30-2021 11:18:17 AM
98013,10-01-2020 12:00:00 AM,Natural Gas,8525690900,09-30-2021 11:18:17 AM
98014,11-01-2020 12:00:00 AM,Conventional Oil,2381602.6,09-30-2021 11:18:17 AM
98015,11-01-2020 12:00:00 AM,Non-Conventional Oil,15059901.4,09-30-2021 11:18:17 AM
98016,11-01-2020 12:00:00 AM,Natural Gas,8409946300,09-30-2021 11:18:17 AM
98017,12-01-2020 12:00:00 AM,Non-Conventional Oil,16293414.4,09-30-2021 11:18:17 AM
98018,12-01-2020 12:00:00 AM,Conventional Oil,2453353.9,09-30-2021 11:18:17 AM
98019,12-01-2020 12:00:00 AM,Natural Gas,8747490200,09-30-2021 11:18:17 AM
98020,01-01-2021 12:00:00 AM,Natural Gas,8670717400,09-30-2021 11:18:17 AM
98021,01-01-2021 12:00:00 AM,Non-Conventional Oil,16011452.4,09-30-2021 11:18:17 AM
98022,01-01-2021 12:00:00 AM,Conventional Oil,2402388.8,09-30-2021 11:18:17 AM
98023,02-01-2021 12:00:00 AM,Natural Gas,7589075700,09-30-2021 11:18:17 AM
98024,02-01-2021 12:00:00 AM,Conventional Oil,2105459.6,09-30-2021 11:18:17 AM
98025,02-01-2021 12:00:00 AM,Non-Conventional Oil,13794452.7,09-30-2021 11:18:17 AM
98026,03-01-2021 12:00:00 AM,Natural Gas,8854916400,09-30-2021 11:18:17 AM
98027,03-01-2021 12:00:00 AM,Non-Conventional Oil,15414226.7,09-30-2021 11:18:17 AM
98028,03-01-2021 12:00:00 AM,Conventional Oil,2449641.1,09-30-2021 11:18:17 AM
98029,04-01-2021 12:00:00 AM,Natural Gas,8618003100,09-30-2021 11:18:17 AM
98030,04-01-2021 12:00:00 AM,Conventional Oil,2441556.2,09-30-2021 11:18:17 AM
98031,04-01-2021 12:00:00 AM,Non-Conventional Oil,13335507.5,09-30-2021 11:18:17 AM
98032,05-01-2021 12:00:00 AM,Conventional Oil,2464074.8,09-30-2021 11:18:17 AM
98033,05-01-2021 12:00:00 AM,Non-Conventional Oil,14041938.8,09-30-2021 11:18:17 AM
98034,05-01-2021 12:00:00 AM,Natural Gas,8746251800,09-30-2021 11:18:17 AM
98035,06-01-2021 12:00:00 AM,Natural Gas,8387927100,09-30-2021 11:18:17 AM
98036,06-01-2021 12:00:00 AM,Non-Conventional Oil,14788685.8,09-30-2021 11:18:17 AM
98037,06-01-2021 12:00:00 AM,Conventional Oil,2352852.1,09-30-2021 11:18:17 AM
98038,07-01-2021 12:00:00 AM,Conventional Oil,2510053.6,09-30-2021 11:18:17 AM
98039,07-01-2021 12:00:00 AM,Natural Gas,8861970099,09-30-2021 11:18:17 AM
98040,07-01-2021 12:00:00 AM,Non-Conventional Oil,15575757.6,09-30-2021 11:18:17 AM
98041,08-01-2021 12:00:00 AM,Natural Gas,8980706500,09-30-2021 11:18:17 AM
98042,08-01-2021 12:00:00 AM,Conventional Oil,2585534,09-30-2021 11:18:17 AM
98043,08-01-2021 12:00:00 AM,Non-Conventional Oil,15214752.4,09-30-2021 11:18:17 AM
98044,01-01-2007 12:00:00 AM,Total,8312276.6,09-30-2021 11:18:17 AM
98045,02-01-2007 12:00:00 AM,Total,7865487,09-30-2021 11:18:17 AM
98046,03-01-2007 12:00:00 AM,Total,8785947.3,09-30-2021 11:18:17 AM
98047,04-01-2007 12:00:00 AM,Total,8030452.2,09-30-2021 11:18:17 AM
98048,05-01-2007 12:00:00 AM,Total,8075145.4,09-30-2021 11:18:17 AM
98049,06-01-2007 12:00:00 AM,Total,7609870.7,09-30-2021 11:18:17 AM
98050,07-01-2007 12:00:00 AM,Total,8485180.7,09-30-2021 11:18:17 AM
98051,08-01-2007 12:00:00 AM,Total,9188253.8,09-30-2021 11:18:17 AM
98052,09-01-2007 12:00:00 AM,Total,8501054.6,09-30-2021 11:18:17 AM
98053,10-01-2007 12:00:00 AM,Total,8921739.5,09-30-2021 11:18:17 AM
98054,11-01-2007 12:00:00 AM,Total,8481796.9,09-30-2021 11:18:17 AM
98055,12-01-2007 12:00:00 AM,Total,8021151.9,09-30-2021 11:18:17 AM
98056,01-01-2008 12:00:00 AM,Total,8480339.4,09-30-2021 11:18:17 AM
98057,02-01-2008 12:00:00 AM,Total,7758581.2,09-30-2021 11:18:17 AM
98058,03-01-2008 12:00:00 AM,Total,8512679,09-30-2021 11:18:17 AM
98059,04-01-2008 12:00:00 AM,Total,7903152.3,09-30-2021 11:18:17 AM
98060,05-01-2008 12:00:00 AM,Total,7718077.6,09-30-2021 11:18:17 AM
98061,06-01-2008 12:00:00 AM,Total,7992482,09-30-2021 11:18:17 AM
98062,07-01-2008 12:00:00 AM,Total,8762903.9,09-30-2021 11:18:17 AM
98063,08-01-2008 12:00:00 AM,Total,8893836.8,09-30-2021 11:18:17 AM
98064,09-01-2008 12:00:00 AM,Total,8237595.9,09-30-2021 11:18:17 AM
98065,10-01-2008 12:00:00 AM,Total,8576642.6,09-30-2021 11:18:17 AM
98066,11-01-2008 12:00:00 AM,Total,8607430.8,09-30-2021 11:18:17 AM
98067,12-01-2008 12:00:00 AM,Total,8721876.8,09-30-2021 11:18:17 AM
98068,01-01-2009 12:00:00 AM,Total,8615211.5,09-30-2021 11:18:17 AM
98069,02-01-2009 12:00:00 AM,Total,8122113.5,09-30-2021 11:18:17 AM
98070,03-01-2009 12:00:00 AM,Total,8627655.6,09-30-2021 11:18:17 AM
98071,04-01-2009 12:00:00 AM,Total,7943344.6,09-30-2021 11:18:17 AM
98072,05-01-2009 12:00:00 AM,Total,8480455.5,09-30-2021 11:18:17 AM
98073,06-01-2009 12:00:00 AM,Total,8708502.3,09-30-2021 11:18:17 AM
98074,07-01-2009 12:00:00 AM,Total,9376165.2,09-30-2021 11:18:17 AM
98075,08-01-2009 12:00:00 AM,Total,9168735.4,09-30-2021 11:18:17 AM
98076,09-01-2009 12:00:00 AM,Total,8627569.1,09-30-2021 11:18:17 AM
98077,10-01-2009 12:00:00 AM,Total,9236907.8,09-30-2021 11:18:17 AM
98078,11-01-2009 12:00:00 AM,Total,9258163,09-30-2021 11:18:17 AM
98079,12-01-2009 12:00:00 AM,Total,8819844.6,09-30-2021 11:18:17 AM
98080,01-01-2010 12:00:00 AM,Total,8246703.5,09-30-2021 11:18:17 AM
98081,02-01-2010 12:00:00 AM,Total,8347509.7,09-30-2021 11:18:17 AM
98082,03-01-2010 12:00:00 AM,Total,9276472,09-30-2021 11:18:17 AM
98083,04-01-2010 12:00:00 AM,Total,8946908.5,09-30-2021 11:18:17 AM
98084,05-01-2010 12:00:00 AM,Total,9632583.9,09-30-2021 11:18:17 AM
98085,06-01-2010 12:00:00 AM,Total,9533384.2,09-30-2021 11:18:17 AM
98086,07-01-2010 12:00:00 AM,Total,9858765.2,09-30-2021 11:18:17 AM
98087,08-01-2010 12:00:00 AM,Total,9796212.7,09-30-2021 11:18:17 AM
98088,09-01-2010 12:00:00 AM,Total,8842852.9,09-30-2021 11:18:17 AM
98089,10-01-2010 12:00:00 AM,Total,9529003,09-30-2021 11:18:17 AM
98090,11-01-2010 12:00:00 AM,Total,10065848,09-30-2021 11:18:17 AM
98091,12-01-2010 12:00:00 AM,Total,10629248.8,09-30-2021 11:18:17 AM
98092,01-01-2011 12:00:00 AM,Total,10124553.8,09-30-2021 11:18:17 AM
98093,02-01-2011 12:00:00 AM,Total,9336607.2,09-30-2021 11:18:17 AM
98094,03-01-2011 12:00:00 AM,Total,10162448.8,09-30-2021 11:18:17 AM
98095,04-01-2011 12:00:00 AM,Total,9841120,09-30-2021 11:18:17 AM
98096,05-01-2011 12:00:00 AM,Total,8894393.1,09-30-2021 11:18:17 AM
98097,06-01-2011 12:00:00 AM,Total,9467866.8,09-30-2021 11:18:17 AM
98098,07-01-2011 12:00:00 AM,Total,10678016.4,09-30-2021 11:18:17 AM
98099,08-01-2011 12:00:00 AM,Total,11206204.4,09-30-2021 11:18:17 AM
98100,09-01-2011 12:00:00 AM,Total,10475752.6,09-30-2021 11:18:17 AM
98101,10-01-2011 12:00:00 AM,Total,11095033.5,09-30-2021 11:18:17 AM
98102,11-01-2011 12:00:00 AM,Total,10613176.1,09-30-2021 11:18:17 AM
98103,12-01-2011 12:00:00 AM,Total,11490997.4,09-30-2021 11:18:17 AM
98104,01-01-2012 12:00:00 AM,Total,11513451.4,09-30-2021 11:18:17 AM
98105,02-01-2012 12:00:00 AM,Total,10576429.5,09-30-2021 11:18:17 AM
98106,03-01-2012 12:00:00 AM,Total,10837999.7,09-30-2021 11:18:17 AM
98107,04-01-2012 12:00:00 AM,Total,10951182.1,09-30-2021 11:18:17 AM
98108,05-01-2012 12:00:00 AM,Total,11236281.5,09-30-2021 11:18:17 AM
98109,06-01-2012 12:00:00 AM,Total,10956109.2,09-30-2021 11:18:17 AM
98110,07-01-2012 12:00:00 AM,Total,12013386.7,09-30-2021 11:18:17 AM
98111,08-01-2012 12:00:00 AM,Total,11943695.9,09-30-2021 11:18:17 AM
98112,09-01-2012 12:00:00 AM,Total,11207073.6,09-30-2021 11:18:17 AM
98113,10-01-2012 12:00:00 AM,Total,11896453.2,09-30-2021 11:18:17 AM
98114,11-01-2012 12:00:00 AM,Total,11631158.4,09-30-2021 11:18:17 AM
98115,12-01-2012 12:00:00 AM,Total,12854313.1,09-30-2021 11:18:17 AM
98116,01-01-2013 12:00:00 AM,Total,12465288,09-30-2021 11:18:17 AM
98117,02-01-2013 12:00:00 AM,Total,11313128.9,09-30-2021 11:18:17 AM
98118,03-01-2013 12:00:00 AM,Total,12691833.2,09-30-2021 11:18:17 AM
98119,04-01-2013 12:00:00 AM,Total,11587352,09-30-2021 11:18:17 AM
98120,05-01-2013 12:00:00 AM,Total,10938923.1,09-30-2021 11:18:17 AM
98121,06-01-2013 12:00:00 AM,Total,11425895.4,09-30-2021 11:18:17 AM
98122,07-01-2013 12:00:00 AM,Total,12330313.7,09-30-2021 11:18:17 AM
98123,08-01-2013 12:00:00 AM,Total,13245531.9,09-30-2021 11:18:17 AM
98124,09-01-2013 12:00:00 AM,Total,12222646,09-30-2021 11:18:17 AM
98125,10-01-2013 12:00:00 AM,Total,12922870.9,09-30-2021 11:18:17 AM
98126,11-01-2013 12:00:00 AM,Total,12958834,09-30-2021 11:18:17 AM
98127,12-01-2013 12:00:00 AM,Total,13621180.2,09-30-2021 11:18:17 AM
98128,01-01-2014 12:00:00 AM,Total,13441189.7,09-30-2021 11:18:17 AM
98129,02-01-2014 12:00:00 AM,Total,12058576.7,09-30-2021 11:18:17 AM
98130,03-01-2014 12:00:00 AM,Total,13805867,09-30-2021 11:18:17 AM
98131,04-01-2014 12:00:00 AM,Total,12920610.2,09-30-2021 11:18:17 AM
98132,05-01-2014 12:00:00 AM,Total,12962509.1,09-30-2021 11:18:17 AM
98133,06-01-2014 12:00:00 AM,Total,13058020,09-30-2021 11:18:17 AM
98134,07-01-2014 12:00:00 AM,Total,13713555.7,09-30-2021 11:18:17 AM
98135,08-01-2014 12:00:00 AM,Total,13763029.6,09-30-2021 11:18:17 AM
98136,09-01-2014 12:00:00 AM,Total,13246542.5,09-30-2021 11:18:17 AM
98137,10-01-2014 12:00:00 AM,Total,14368461,09-30-2021 11:18:17 AM
98138,11-01-2014 12:00:00 AM,Total,13538583.6,09-30-2021 11:18:17 AM
98139,12-01-2014 12:00:00 AM,Total,14382043.3,09-30-2021 11:18:17 AM
98140,01-01-2015 12:00:00 AM,Total,14611236.2,09-30-2021 11:18:17 AM
98141,02-01-2015 12:00:00 AM,Total,13692308.3,09-30-2021 11:18:17 AM
98142,03-01-2015 12:00:00 AM,Total,14848349.9,09-30-2021 11:18:17 AM
98143,04-01-2015 12:00:00 AM,Total,13027962.7,09-30-2021 11:18:17 AM
98144,05-01-2015 12:00:00 AM,Total,12460771.1,09-30-2021 11:18:17 AM
98145,06-01-2015 12:00:00 AM,Total,13212157.6,09-30-2021 11:18:17 AM
98146,07-01-2015 12:00:00 AM,Total,15336037.1,09-30-2021 11:18:17 AM
98147,08-01-2015 12:00:00 AM,Total,15851754,09-30-2021 11:18:17 AM
98148,09-01-2015 12:00:00 AM,Total,13031880.8,09-30-2021 11:18:17 AM
98149,10-01-2015 12:00:00 AM,Total,14421864.7,09-30-2021 11:18:17 AM
98150,11-01-2015 12:00:00 AM,Total,14501472.4,09-30-2021 11:18:17 AM
98151,12-01-2015 12:00:00 AM,Total,15165173.9,09-30-2021 11:18:17 AM
98152,01-01-2016 12:00:00 AM,Total,15004532.3,09-30-2021 11:18:17 AM
98153,02-01-2016 12:00:00 AM,Total,13890291.2,09-30-2021 11:18:17 AM
98154,03-01-2016 12:00:00 AM,Total,14746503.8,09-30-2021 11:18:17 AM
98155,04-01-2016 12:00:00 AM,Total,12731351.9,09-30-2021 11:18:17 AM
98156,05-01-2016 12:00:00 AM,Total,10164682.3,09-30-2021 11:18:17 AM
98157,06-01-2016 12:00:00 AM,Total,11535126.3,09-30-2021 11:18:17 AM
98158,07-01-2016 12:00:00 AM,Total,14561605.1,09-30-2021 11:18:17 AM
98159,08-01-2016 12:00:00 AM,Total,15148470.5,09-30-2021 11:18:17 AM
98160,09-01-2016 12:00:00 AM,Total,14576097.9,09-30-2021 11:18:17 AM
98161,10-01-2016 12:00:00 AM,Total,15301684.7,09-30-2021 11:18:17 AM
98162,11-01-2016 12:00:00 AM,Total,15832991,09-30-2021 11:18:17 AM
98163,12-01-2016 12:00:00 AM,Total,15602929.9,09-30-2021 11:18:17 AM
98164,01-01-2017 12:00:00 AM,Total,16160205.8,09-30-2021 11:18:17 AM
98165,02-01-2017 12:00:00 AM,Total,14795390,09-30-2021 11:18:17 AM
98166,03-01-2017 12:00:00 AM,Total,15255693.2,09-30-2021 11:18:17 AM
98167,04-01-2017 12:00:00 AM,Total,13275349.1,09-30-2021 11:18:17 AM
98168,05-01-2017 12:00:00 AM,Total,14279595,09-30-2021 11:18:17 AM
98169,06-01-2017 12:00:00 AM,Total,14292497.5,09-30-2021 11:18:17 AM
98170,07-01-2017 12:00:00 AM,Total,15766302.9,09-30-2021 11:18:17 AM
98171,08-01-2017 12:00:00 AM,Total,16785968.4,09-30-2021 11:18:17 AM
98172,09-01-2017 12:00:00 AM,Total,15346043.4,09-30-2021 11:18:17 AM
98173,10-01-2017 12:00:00 AM,Total,15326635.9,09-30-2021 11:18:17 AM
98174,11-01-2017 12:00:00 AM,Total,16279496.2,09-30-2021 11:18:17 AM
98175,12-01-2017 12:00:00 AM,Total,17181003.5,09-30-2021 11:18:17 AM
98176,01-01-2018 12:00:00 AM,Total,16396596.9,09-30-2021 11:18:17 AM
98177,02-01-2018 12:00:00 AM,Total,15294790.6,09-30-2021 11:18:17 AM
98178,03-01-2018 12:00:00 AM,Total,17088041.6,09-30-2021 11:18:17 AM
98179,04-01-2018 12:00:00 AM,Total,15092637.8,09-30-2021 11:18:17 AM
98180,05-01-2018 12:00:00 AM,Total,16635723.7,09-30-2021 11:18:17 AM
98181,06-01-2018 12:00:00 AM,Total,16171363.8,09-30-2021 11:18:17 AM
98182,07-01-2018 12:00:00 AM,Total,17189657.6,09-30-2021 11:18:17 AM
98183,08-01-2018 12:00:00 AM,Total,18378323.2,09-30-2021 11:18:17 AM
98184,09-01-2018 12:00:00 AM,Total,16399990.7,09-30-2021 11:18:17 AM
98185,10-01-2018 12:00:00 AM,Total,18054493.4,09-30-2021 11:18:17 AM
98186,11-01-2018 12:00:00 AM,Total,17769011,09-30-2021 11:18:17 AM
98187,12-01-2018 12:00:00 AM,Total,18120632.9,09-30-2021 11:18:17 AM
98188,01-01-2019 12:00:00 AM,Total,16802184,09-30-2021 11:18:17 AM
98189,02-01-2019 12:00:00 AM,Total,15297976.8,09-30-2021 11:18:17 AM
98190,03-01-2019 12:00:00 AM,Total,17110515.3,09-30-2021 11:18:17 AM
98191,04-01-2019 12:00:00 AM,Total,16969581,09-30-2021 11:18:17 AM
98192,05-01-2019 12:00:00 AM,Total,16692064,09-30-2021 11:18:17 AM
98193,06-01-2019 12:00:00 AM,Total,16886632.2,09-30-2021 11:18:17 AM
98194,07-01-2019 12:00:00 AM,Total,17651423.4,09-30-2021 11:18:17 AM
98195,08-01-2019 12:00:00 AM,Total,17803173.9,09-30-2021 11:18:17 AM
98196,09-01-2019 12:00:00 AM,Total,16748249.5,09-30-2021 11:18:17 AM
98197,10-01-2019 12:00:00 AM,Total,17044566.1,09-30-2021 11:18:17 AM
98198,11-01-2019 12:00:00 AM,Total,17046359.4,09-30-2021 11:18:17 AM
98199,12-01-2019 12:00:00 AM,Total,18415017.2,09-30-2021 11:18:17 AM
98200,01-01-2020 12:00:00 AM,Total,17766472.1,09-30-2021 11:18:17 AM
98201,02-01-2020 12:00:00 AM,Total,16860696.4,09-30-2021 11:18:17 AM
98202,03-01-2020 12:00:00 AM,Total,17673637.4,09-30-2021 11:18:17 AM
98203,04-01-2020 12:00:00 AM,Total,14765665.2,09-30-2021 11:18:17 AM
98204,05-01-2020 12:00:00 AM,Total,14252980.4,09-30-2021 11:18:17 AM
98205,06-01-2020 12:00:00 AM,Total,14824629.3,09-30-2021 11:18:17 AM
98206,07-01-2020 12:00:00 AM,Total,15334683.5,09-30-2021 11:18:17 AM
98207,08-01-2020 12:00:00 AM,Total,14999529,09-30-2021 11:18:17 AM
98208,09-01-2020 12:00:00 AM,Total,14967061.2,09-30-2021 11:18:17 AM
98209,10-01-2020 12:00:00 AM,Total,16450312.3,09-30-2021 11:18:17 AM
98210,11-01-2020 12:00:00 AM,Total,17441504,09-30-2021 11:18:17 AM
98211,12-01-2020 12:00:00 AM,Total,18746768.3,09-30-2021 11:18:17 AM
98212,01-01-2021 12:00:00 AM,Total,18413841.2,09-30-2021 11:18:17 AM
98213,02-01-2021 12:00:00 AM,Total,15899912.3,09-30-2021 11:18:17 AM
98214,03-01-2021 12:00:00 AM,Total,17863867.8,09-30-2021 11:18:17 AM
98215,04-01-2021 12:00:00 AM,Total,15777063.7,09-30-2021 11:18:17 AM
98216,05-01-2021 12:00:00 AM,Total,16506013.6,09-30-2021 11:18:17 AM
98217,06-01-2021 12:00:00 AM,Total,17141537.9,09-30-2021 11:18:17 AM
98218,07-01-2021 12:00:00 AM,Total,18085811.2,09-30-2021 11:18:17 AM
98219,08-01-2021 12:00:00 AM,Total,17800286.4,09-30-2021 11:18:17 AM
