Id,When,Type,Unit,Alberta,ModifiedDate
172001,4/1/1983 12:00:00 AM,WTI,$US/bbl,30.5,9/23/2021 3:36:40 PM
172002,5/1/1983 12:00:00 AM,WTI,$US/bbl,30.16,9/23/2021 3:36:40 PM
172003,6/1/1983 12:00:00 AM,WTI,$US/bbl,30.96,9/23/2021 3:36:40 PM
172004,7/1/1983 12:00:00 AM,WTI,$US/bbl,31.59,9/23/2021 3:36:40 PM
172005,8/1/1983 12:00:00 AM,WTI,$US/bbl,31.88,9/23/2021 3:36:40 PM
172006,9/1/1983 12:00:00 AM,WTI,$US/bbl,31.24,9/23/2021 3:36:40 PM
172007,10/1/1983 12:00:00 AM,WTI,$US/bbl,30.4,9/23/2021 3:36:40 PM
172008,11/1/1983 12:00:00 AM,WTI,$US/bbl,29.86,9/23/2021 3:36:40 PM
172009,12/1/1983 12:00:00 AM,WTI,$US/bbl,29.24,9/23/2021 3:36:40 PM
172010,1/1/1984 12:00:00 AM,WTI,$US/bbl,29.65,9/23/2021 3:36:40 PM
172011,2/1/1984 12:00:00 AM,WTI,$US/bbl,30.05,9/23/2021 3:36:40 PM
172012,3/1/1984 12:00:00 AM,WTI,$US/bbl,30.72,9/23/2021 3:36:40 PM
172013,4/1/1984 12:00:00 AM,WTI,$US/bbl,30.65,9/23/2021 3:36:40 PM
172014,5/1/1984 12:00:00 AM,WTI,$US/bbl,30.55,9/23/2021 3:36:40 PM
172015,6/1/1984 12:00:00 AM,WTI,$US/bbl,29.98,9/23/2021 3:36:40 PM
172016,7/1/1984 12:00:00 AM,WTI,$US/bbl,28.74,9/23/2021 3:36:40 PM
172017,8/1/1984 12:00:00 AM,WTI,$US/bbl,29.33,9/23/2021 3:36:40 PM
172018,9/1/1984 12:00:00 AM,WTI,$US/bbl,29.38,9/23/2021 3:36:40 PM
172019,10/1/1984 12:00:00 AM,WTI,$US/bbl,28.8,9/23/2021 3:36:40 PM
172020,11/1/1984 12:00:00 AM,WTI,$US/bbl,28.11,9/23/2021 3:36:40 PM
172021,12/1/1984 12:00:00 AM,WTI,$US/bbl,26.91,9/23/2021 3:36:40 PM
172022,1/1/1985 12:00:00 AM,WTI,$US/bbl,25.64,9/23/2021 3:36:40 PM
172023,2/1/1985 12:00:00 AM,WTI,$US/bbl,27.14,9/23/2021 3:36:40 PM
172024,3/1/1985 12:00:00 AM,WTI,$US/bbl,28.12,9/23/2021 3:36:40 PM
172025,4/1/1985 12:00:00 AM,WTI,$US/bbl,28.71,9/23/2021 3:36:40 PM
172026,5/1/1985 12:00:00 AM,WTI,$US/bbl,27.58,9/23/2021 3:36:40 PM
172027,6/1/1985 12:00:00 AM,WTI,$US/bbl,27.09,9/23/2021 3:36:40 PM
172028,7/1/1985 12:00:00 AM,WTI,$US/bbl,27.27,9/23/2021 3:36:40 PM
172029,8/1/1985 12:00:00 AM,WTI,$US/bbl,27.74,9/23/2021 3:36:40 PM
172030,9/1/1985 12:00:00 AM,WTI,$US/bbl,28.22,9/23/2021 3:36:40 PM
172031,10/1/1985 12:00:00 AM,WTI,$US/bbl,29.48,9/23/2021 3:36:40 PM
172032,11/1/1985 12:00:00 AM,WTI,$US/bbl,30.73,9/23/2021 3:36:40 PM
172033,12/1/1985 12:00:00 AM,WTI,$US/bbl,27.15,9/23/2021 3:36:40 PM
172034,1/1/1986 12:00:00 AM,WTI,$US/bbl,22.98,9/23/2021 3:36:40 PM
172035,2/1/1986 12:00:00 AM,WTI,$US/bbl,15.46,9/23/2021 3:36:40 PM
172036,3/1/1986 12:00:00 AM,WTI,$US/bbl,12.62,9/23/2021 3:36:40 PM
172037,4/1/1986 12:00:00 AM,WTI,$US/bbl,12.75,9/23/2021 3:36:40 PM
172038,5/1/1986 12:00:00 AM,WTI,$US/bbl,15.26,9/23/2021 3:36:40 PM
172039,6/1/1986 12:00:00 AM,WTI,$US/bbl,13.38,9/23/2021 3:36:40 PM
172040,7/1/1986 12:00:00 AM,WTI,$US/bbl,11.58,9/23/2021 3:36:40 PM
172041,8/1/1986 12:00:00 AM,WTI,$US/bbl,15.11,9/23/2021 3:36:40 PM
172042,9/1/1986 12:00:00 AM,WTI,$US/bbl,14.94,9/23/2021 3:36:40 PM
172043,10/1/1986 12:00:00 AM,WTI,$US/bbl,14.89,9/23/2021 3:36:40 PM
172044,11/1/1986 12:00:00 AM,WTI,$US/bbl,15.23,9/23/2021 3:36:40 PM
172045,12/1/1986 12:00:00 AM,WTI,$US/bbl,16.09,9/23/2021 3:36:40 PM
172046,1/1/1987 12:00:00 AM,WTI,$US/bbl,18.67,9/23/2021 3:36:40 PM
172047,2/1/1987 12:00:00 AM,WTI,$US/bbl,17.73,9/23/2021 3:36:40 PM
172048,3/1/1987 12:00:00 AM,WTI,$US/bbl,18.28,9/23/2021 3:36:40 PM
172049,4/1/1987 12:00:00 AM,WTI,$US/bbl,18.6,9/23/2021 3:36:40 PM
172050,5/1/1987 12:00:00 AM,WTI,$US/bbl,19.33,9/23/2021 3:36:40 PM
172051,6/1/1987 12:00:00 AM,WTI,$US/bbl,19.99,9/23/2021 3:36:40 PM
172052,7/1/1987 12:00:00 AM,WTI,$US/bbl,21.33,9/23/2021 3:36:40 PM
172053,8/1/1987 12:00:00 AM,WTI,$US/bbl,20.23,9/23/2021 3:36:40 PM
172054,9/1/1987 12:00:00 AM,WTI,$US/bbl,19.52,9/23/2021 3:36:40 PM
172055,10/1/1987 12:00:00 AM,WTI,$US/bbl,19.86,9/23/2021 3:36:40 PM
172056,11/1/1987 12:00:00 AM,WTI,$US/bbl,18.85,9/23/2021 3:36:40 PM
172057,12/1/1987 12:00:00 AM,WTI,$US/bbl,17.26,9/23/2021 3:36:40 PM
172058,1/1/1988 12:00:00 AM,WTI,$US/bbl,17.15,9/23/2021 3:36:40 PM
172059,2/1/1988 12:00:00 AM,WTI,$US/bbl,16.76,9/23/2021 3:36:40 PM
172060,3/1/1988 12:00:00 AM,WTI,$US/bbl,16.21,9/23/2021 3:36:40 PM
172061,4/1/1988 12:00:00 AM,WTI,$US/bbl,17.88,9/23/2021 3:36:40 PM
172062,5/1/1988 12:00:00 AM,WTI,$US/bbl,17.45,9/23/2021 3:36:40 PM
172063,6/1/1988 12:00:00 AM,WTI,$US/bbl,16.56,9/23/2021 3:36:40 PM
172064,7/1/1988 12:00:00 AM,WTI,$US/bbl,15.51,9/23/2021 3:36:40 PM
172065,8/1/1988 12:00:00 AM,WTI,$US/bbl,15.53,9/23/2021 3:36:40 PM
172066,9/1/1988 12:00:00 AM,WTI,$US/bbl,14.46,9/23/2021 3:36:40 PM
172067,10/1/1988 12:00:00 AM,WTI,$US/bbl,13.8,9/23/2021 3:36:40 PM
172068,11/1/1988 12:00:00 AM,WTI,$US/bbl,13.98,9/23/2021 3:36:40 PM
172069,12/1/1988 12:00:00 AM,WTI,$US/bbl,16.28,9/23/2021 3:36:40 PM
172070,1/1/1989 12:00:00 AM,WTI,$US/bbl,17.98,9/23/2021 3:36:40 PM
172071,2/1/1989 12:00:00 AM,WTI,$US/bbl,17.82,9/23/2021 3:36:40 PM
172072,3/1/1989 12:00:00 AM,WTI,$US/bbl,19.44,9/23/2021 3:36:40 PM
172073,4/1/1989 12:00:00 AM,WTI,$US/bbl,20.94,9/23/2021 3:36:40 PM
172074,5/1/1989 12:00:00 AM,WTI,$US/bbl,20.03,9/23/2021 3:36:40 PM
172075,6/1/1989 12:00:00 AM,WTI,$US/bbl,19.99,9/23/2021 3:36:40 PM
172076,7/1/1989 12:00:00 AM,WTI,$US/bbl,19.66,9/23/2021 3:36:40 PM
172077,8/1/1989 12:00:00 AM,WTI,$US/bbl,18.55,9/23/2021 3:36:40 PM
172078,9/1/1989 12:00:00 AM,WTI,$US/bbl,19.59,9/23/2021 3:36:40 PM
172079,10/1/1989 12:00:00 AM,WTI,$US/bbl,20.1,9/23/2021 3:36:40 PM
172080,11/1/1989 12:00:00 AM,WTI,$US/bbl,19.83,9/23/2021 3:36:40 PM
172081,12/1/1989 12:00:00 AM,WTI,$US/bbl,21.09,9/23/2021 3:36:40 PM
172082,1/1/1990 12:00:00 AM,WTI,$US/bbl,22.64,9/23/2021 3:36:40 PM
172083,2/1/1990 12:00:00 AM,WTI,$US/bbl,22.11,9/23/2021 3:36:40 PM
172084,3/1/1990 12:00:00 AM,WTI,$US/bbl,20.41,9/23/2021 3:36:40 PM
172085,4/1/1990 12:00:00 AM,WTI,$US/bbl,18.58,9/23/2021 3:36:40 PM
172086,5/1/1990 12:00:00 AM,WTI,$US/bbl,18.46,9/23/2021 3:36:40 PM
172087,6/1/1990 12:00:00 AM,WTI,$US/bbl,16.86,9/23/2021 3:36:40 PM
172088,7/1/1990 12:00:00 AM,WTI,$US/bbl,18.64,9/23/2021 3:36:40 PM
172089,8/1/1990 12:00:00 AM,WTI,$US/bbl,27.18,9/23/2021 3:36:40 PM
172090,9/1/1990 12:00:00 AM,WTI,$US/bbl,33.69,9/23/2021 3:36:40 PM
172091,10/1/1990 12:00:00 AM,WTI,$US/bbl,35.92,9/23/2021 3:36:40 PM
172092,11/1/1990 12:00:00 AM,WTI,$US/bbl,32.3,9/23/2021 3:36:40 PM
172093,12/1/1990 12:00:00 AM,WTI,$US/bbl,27.16,9/23/2021 3:36:40 PM
172094,1/1/1991 12:00:00 AM,WTI,$US/bbl,24.7,9/23/2021 3:36:40 PM
172095,2/1/1991 12:00:00 AM,WTI,$US/bbl,20.54,9/23/2021 3:36:40 PM
172096,3/1/1991 12:00:00 AM,WTI,$US/bbl,19.88,9/23/2021 3:36:40 PM
172097,4/1/1991 12:00:00 AM,WTI,$US/bbl,20.82,9/23/2021 3:36:40 PM
172098,5/1/1991 12:00:00 AM,WTI,$US/bbl,21.25,9/23/2021 3:36:40 PM
172099,6/1/1991 12:00:00 AM,WTI,$US/bbl,20.2,9/23/2021 3:36:40 PM
172100,7/1/1991 12:00:00 AM,WTI,$US/bbl,21.43,9/23/2021 3:36:40 PM
172101,8/1/1991 12:00:00 AM,WTI,$US/bbl,21.68,9/23/2021 3:36:40 PM
172102,9/1/1991 12:00:00 AM,WTI,$US/bbl,21.86,9/23/2021 3:36:40 PM
172103,10/1/1991 12:00:00 AM,WTI,$US/bbl,23.23,9/23/2021 3:36:40 PM
172104,11/1/1991 12:00:00 AM,WTI,$US/bbl,22.43,9/23/2021 3:36:40 PM
172105,12/1/1991 12:00:00 AM,WTI,$US/bbl,19.53,9/23/2021 3:36:40 PM
172106,1/1/1992 12:00:00 AM,WTI,$US/bbl,18.82,9/23/2021 3:36:40 PM
172107,2/1/1992 12:00:00 AM,WTI,$US/bbl,19.01,9/23/2021 3:36:40 PM
172108,3/1/1992 12:00:00 AM,WTI,$US/bbl,18.95,9/23/2021 3:36:40 PM
172109,4/1/1992 12:00:00 AM,WTI,$US/bbl,20.26,9/23/2021 3:36:40 PM
172110,5/1/1992 12:00:00 AM,WTI,$US/bbl,21,9/23/2021 3:36:40 PM
172111,6/1/1992 12:00:00 AM,WTI,$US/bbl,22.36,9/23/2021 3:36:40 PM
172112,7/1/1992 12:00:00 AM,WTI,$US/bbl,21.74,9/23/2021 3:36:40 PM
172113,8/1/1992 12:00:00 AM,WTI,$US/bbl,21.29,9/23/2021 3:36:40 PM
172114,9/1/1992 12:00:00 AM,WTI,$US/bbl,21.92,9/23/2021 3:36:40 PM
172115,10/1/1992 12:00:00 AM,WTI,$US/bbl,21.71,9/23/2021 3:36:40 PM
172116,11/1/1992 12:00:00 AM,WTI,$US/bbl,20.36,9/23/2021 3:36:40 PM
172117,12/1/1992 12:00:00 AM,WTI,$US/bbl,19.41,9/23/2021 3:36:40 PM
172118,1/1/1993 12:00:00 AM,WTI,$US/bbl,19.07,9/23/2021 3:36:40 PM
172119,2/1/1993 12:00:00 AM,WTI,$US/bbl,20.08,9/23/2021 3:36:40 PM
172120,3/1/1993 12:00:00 AM,WTI,$US/bbl,20.35,9/23/2021 3:36:40 PM
172121,4/1/1993 12:00:00 AM,WTI,$US/bbl,20.33,9/23/2021 3:36:40 PM
172122,5/1/1993 12:00:00 AM,WTI,$US/bbl,19.98,9/23/2021 3:36:40 PM
172123,6/1/1993 12:00:00 AM,WTI,$US/bbl,19.13,9/23/2021 3:36:40 PM
172124,7/1/1993 12:00:00 AM,WTI,$US/bbl,17.9,9/23/2021 3:36:40 PM
172125,8/1/1993 12:00:00 AM,WTI,$US/bbl,18.01,9/23/2021 3:36:40 PM
172126,9/1/1993 12:00:00 AM,WTI,$US/bbl,17.52,9/23/2021 3:36:40 PM
172127,10/1/1993 12:00:00 AM,WTI,$US/bbl,18.17,9/23/2021 3:36:40 PM
172128,11/1/1993 12:00:00 AM,WTI,$US/bbl,16.74,9/23/2021 3:36:40 PM
172129,12/1/1993 12:00:00 AM,WTI,$US/bbl,14.53,9/23/2021 3:36:40 PM
172130,1/1/1994 12:00:00 AM,WTI,$US/bbl,15.02,9/23/2021 3:36:40 PM
172131,2/1/1994 12:00:00 AM,WTI,$US/bbl,14.78,9/23/2021 3:36:40 PM
172132,3/1/1994 12:00:00 AM,WTI,$US/bbl,14.65,9/23/2021 3:36:40 PM
172133,4/1/1994 12:00:00 AM,WTI,$US/bbl,16.33,9/23/2021 3:36:40 PM
172134,5/1/1994 12:00:00 AM,WTI,$US/bbl,17.83,9/23/2021 3:36:40 PM
172135,6/1/1994 12:00:00 AM,WTI,$US/bbl,19.07,9/23/2021 3:36:40 PM
172136,7/1/1994 12:00:00 AM,WTI,$US/bbl,19.66,9/23/2021 3:36:40 PM
172137,8/1/1994 12:00:00 AM,WTI,$US/bbl,18.38,9/23/2021 3:36:40 PM
172138,9/1/1994 12:00:00 AM,WTI,$US/bbl,17.47,9/23/2021 3:36:40 PM
172139,10/1/1994 12:00:00 AM,WTI,$US/bbl,17.71,9/23/2021 3:36:40 PM
172140,11/1/1994 12:00:00 AM,WTI,$US/bbl,18.1,9/23/2021 3:36:40 PM
172141,12/1/1994 12:00:00 AM,WTI,$US/bbl,17.16,9/23/2021 3:36:40 PM
172142,1/1/1995 12:00:00 AM,WTI,$US/bbl,17.99,9/23/2021 3:36:40 PM
172143,2/1/1995 12:00:00 AM,WTI,$US/bbl,18.53,9/23/2021 3:36:40 PM
172144,3/1/1995 12:00:00 AM,WTI,$US/bbl,18.55,9/23/2021 3:36:40 PM
172145,4/1/1995 12:00:00 AM,WTI,$US/bbl,19.89,9/23/2021 3:36:40 PM
172146,5/1/1995 12:00:00 AM,WTI,$US/bbl,19.74,9/23/2021 3:36:40 PM
172147,6/1/1995 12:00:00 AM,WTI,$US/bbl,18.4,9/23/2021 3:36:40 PM
172148,7/1/1995 12:00:00 AM,WTI,$US/bbl,17.26,9/23/2021 3:36:40 PM
172149,8/1/1995 12:00:00 AM,WTI,$US/bbl,17.81,9/23/2021 3:36:40 PM
172150,9/1/1995 12:00:00 AM,WTI,$US/bbl,18.21,9/23/2021 3:36:40 PM
172151,10/1/1995 12:00:00 AM,WTI,$US/bbl,17.4,9/23/2021 3:36:40 PM
172152,11/1/1995 12:00:00 AM,WTI,$US/bbl,18,9/23/2021 3:36:40 PM
172153,12/1/1995 12:00:00 AM,WTI,$US/bbl,19.04,9/23/2021 3:36:40 PM
172154,1/1/1996 12:00:00 AM,WTI,$US/bbl,18.7,9/23/2021 3:36:40 PM
172155,2/1/1996 12:00:00 AM,WTI,$US/bbl,18.78,9/23/2021 3:36:40 PM
172156,3/1/1996 12:00:00 AM,WTI,$US/bbl,21.18,9/23/2021 3:36:40 PM
172157,4/1/1996 12:00:00 AM,WTI,$US/bbl,23.3,9/23/2021 3:36:40 PM
172158,5/1/1996 12:00:00 AM,WTI,$US/bbl,21.09,9/23/2021 3:36:40 PM
172159,6/1/1996 12:00:00 AM,WTI,$US/bbl,20.43,9/23/2021 3:36:40 PM
172160,7/1/1996 12:00:00 AM,WTI,$US/bbl,21.25,9/23/2021 3:36:40 PM
172161,8/1/1996 12:00:00 AM,WTI,$US/bbl,21.91,9/23/2021 3:36:40 PM
172162,9/1/1996 12:00:00 AM,WTI,$US/bbl,23.93,9/23/2021 3:36:40 PM
172163,10/1/1996 12:00:00 AM,WTI,$US/bbl,24.9,9/23/2021 3:36:40 PM
172164,11/1/1996 12:00:00 AM,WTI,$US/bbl,23.55,9/23/2021 3:36:40 PM
172165,12/1/1996 12:00:00 AM,WTI,$US/bbl,25.12,9/23/2021 3:36:40 PM
172166,1/1/1997 12:00:00 AM,WTI,$US/bbl,25.18,9/23/2021 3:36:40 PM
172167,2/1/1997 12:00:00 AM,WTI,$US/bbl,22.17,9/23/2021 3:36:40 PM
172168,3/1/1997 12:00:00 AM,WTI,$US/bbl,20.97,9/23/2021 3:36:40 PM
172169,4/1/1997 12:00:00 AM,WTI,$US/bbl,19.73,9/23/2021 3:36:40 PM
172170,5/1/1997 12:00:00 AM,WTI,$US/bbl,20.87,9/23/2021 3:36:40 PM
172171,6/1/1997 12:00:00 AM,WTI,$US/bbl,19.22,9/23/2021 3:36:40 PM
172172,7/1/1997 12:00:00 AM,WTI,$US/bbl,19.66,9/23/2021 3:36:40 PM
172173,8/1/1997 12:00:00 AM,WTI,$US/bbl,19.95,9/23/2021 3:36:40 PM
172174,9/1/1997 12:00:00 AM,WTI,$US/bbl,19.78,9/23/2021 3:36:40 PM
172175,10/1/1997 12:00:00 AM,WTI,$US/bbl,21.28,9/23/2021 3:36:40 PM
172176,11/1/1997 12:00:00 AM,WTI,$US/bbl,20.22,9/23/2021 3:36:40 PM
172177,12/1/1997 12:00:00 AM,WTI,$US/bbl,18.32,9/23/2021 3:36:40 PM
172178,1/1/1998 12:00:00 AM,WTI,$US/bbl,16.73,9/23/2021 3:36:40 PM
172179,2/1/1998 12:00:00 AM,WTI,$US/bbl,16.08,9/23/2021 3:36:40 PM
172180,3/1/1998 12:00:00 AM,WTI,$US/bbl,15.04,9/23/2021 3:36:40 PM
172181,4/1/1998 12:00:00 AM,WTI,$US/bbl,15.46,9/23/2021 3:36:40 PM
172182,5/1/1998 12:00:00 AM,WTI,$US/bbl,14.93,9/23/2021 3:36:40 PM
172183,6/1/1998 12:00:00 AM,WTI,$US/bbl,13.67,9/23/2021 3:36:40 PM
172184,7/1/1998 12:00:00 AM,WTI,$US/bbl,14.09,9/23/2021 3:36:40 PM
172185,8/1/1998 12:00:00 AM,WTI,$US/bbl,13.38,9/23/2021 3:36:40 PM
172186,9/1/1998 12:00:00 AM,WTI,$US/bbl,14.97,9/23/2021 3:36:40 PM
172187,10/1/1998 12:00:00 AM,WTI,$US/bbl,14.42,9/23/2021 3:36:40 PM
172188,11/1/1998 12:00:00 AM,WTI,$US/bbl,13.04,9/23/2021 3:36:40 PM
172189,12/1/1998 12:00:00 AM,WTI,$US/bbl,11.31,9/23/2021 3:36:40 PM
172190,1/1/1999 12:00:00 AM,WTI,$US/bbl,12.49,9/23/2021 3:36:40 PM
172191,2/1/1999 12:00:00 AM,WTI,$US/bbl,12.02,9/23/2021 3:36:40 PM
172192,3/1/1999 12:00:00 AM,WTI,$US/bbl,14.68,9/23/2021 3:36:40 PM
172193,4/1/1999 12:00:00 AM,WTI,$US/bbl,17.3,9/23/2021 3:36:40 PM
172194,5/1/1999 12:00:00 AM,WTI,$US/bbl,17.77,9/23/2021 3:36:40 PM
172195,6/1/1999 12:00:00 AM,WTI,$US/bbl,17.92,9/23/2021 3:36:40 PM
172196,7/1/1999 12:00:00 AM,WTI,$US/bbl,20.1,9/23/2021 3:36:40 PM
172197,8/1/1999 12:00:00 AM,WTI,$US/bbl,21.28,9/23/2021 3:36:40 PM
172198,9/1/1999 12:00:00 AM,WTI,$US/bbl,23.79,9/23/2021 3:36:40 PM
172199,10/1/1999 12:00:00 AM,WTI,$US/bbl,22.67,9/23/2021 3:36:40 PM
172200,11/1/1999 12:00:00 AM,WTI,$US/bbl,24.77,9/23/2021 3:36:40 PM
172201,12/1/1999 12:00:00 AM,WTI,$US/bbl,26.09,9/23/2021 3:36:40 PM
172202,1/1/2000 12:00:00 AM,WTI,$US/bbl,27.01,9/23/2021 3:36:40 PM
172203,2/1/2000 12:00:00 AM,WTI,$US/bbl,29.3,9/23/2021 3:36:40 PM
172204,3/1/2000 12:00:00 AM,WTI,$US/bbl,29.89,9/23/2021 3:36:40 PM
172205,4/1/2000 12:00:00 AM,WTI,$US/bbl,25.54,9/23/2021 3:36:40 PM
172206,5/1/2000 12:00:00 AM,WTI,$US/bbl,28.81,9/23/2021 3:36:40 PM
172207,6/1/2000 12:00:00 AM,WTI,$US/bbl,31.53,9/23/2021 3:36:40 PM
172208,7/1/2000 12:00:00 AM,WTI,$US/bbl,29.72,9/23/2021 3:36:40 PM
172209,8/1/2000 12:00:00 AM,WTI,$US/bbl,31.14,9/23/2021 3:36:40 PM
172210,9/1/2000 12:00:00 AM,WTI,$US/bbl,33.87,9/23/2021 3:36:40 PM
172211,10/1/2000 12:00:00 AM,WTI,$US/bbl,32.93,9/23/2021 3:36:40 PM
172212,11/1/2000 12:00:00 AM,WTI,$US/bbl,34.26,9/23/2021 3:36:40 PM
172213,12/1/2000 12:00:00 AM,WTI,$US/bbl,28.4,9/23/2021 3:36:40 PM
172214,1/1/2001 12:00:00 AM,WTI,$US/bbl,29.26,9/23/2021 3:36:40 PM
172215,2/1/2001 12:00:00 AM,WTI,$US/bbl,29.64,9/23/2021 3:36:40 PM
172216,3/1/2001 12:00:00 AM,WTI,$US/bbl,27.27,9/23/2021 3:36:40 PM
172217,4/1/2001 12:00:00 AM,WTI,$US/bbl,27.62,9/23/2021 3:36:40 PM
172218,5/1/2001 12:00:00 AM,WTI,$US/bbl,28.68,9/23/2021 3:36:40 PM
172219,6/1/2001 12:00:00 AM,WTI,$US/bbl,27.59,9/23/2021 3:36:40 PM
172220,7/1/2001 12:00:00 AM,WTI,$US/bbl,26.47,9/23/2021 3:36:40 PM
172221,8/1/2001 12:00:00 AM,WTI,$US/bbl,27.31,9/23/2021 3:36:40 PM
172222,9/1/2001 12:00:00 AM,WTI,$US/bbl,25.69,9/23/2021 3:36:40 PM
172223,10/1/2001 12:00:00 AM,WTI,$US/bbl,22.21,9/23/2021 3:36:40 PM
172224,11/1/2001 12:00:00 AM,WTI,$US/bbl,19.67,9/23/2021 3:36:40 PM
172225,12/1/2001 12:00:00 AM,WTI,$US/bbl,19.4,9/23/2021 3:36:40 PM
172226,1/1/2002 12:00:00 AM,WTI,$US/bbl,19.73,9/23/2021 3:36:40 PM
172227,2/1/2002 12:00:00 AM,WTI,$US/bbl,20.76,9/23/2021 3:36:40 PM
172228,3/1/2002 12:00:00 AM,WTI,$US/bbl,24.44,9/23/2021 3:36:40 PM
172229,4/1/2002 12:00:00 AM,WTI,$US/bbl,26.26,9/23/2021 3:36:40 PM
172230,5/1/2002 12:00:00 AM,WTI,$US/bbl,26.95,9/23/2021 3:36:40 PM
172231,6/1/2002 12:00:00 AM,WTI,$US/bbl,25.55,9/23/2021 3:36:40 PM
172232,7/1/2002 12:00:00 AM,WTI,$US/bbl,26.94,9/23/2021 3:36:40 PM
172233,8/1/2002 12:00:00 AM,WTI,$US/bbl,28.2,9/23/2021 3:36:40 PM
172234,9/1/2002 12:00:00 AM,WTI,$US/bbl,29.67,9/23/2021 3:36:40 PM
172235,10/1/2002 12:00:00 AM,WTI,$US/bbl,28.86,9/23/2021 3:36:40 PM
172236,11/1/2002 12:00:00 AM,WTI,$US/bbl,26.19,9/23/2021 3:36:40 PM
172237,12/1/2002 12:00:00 AM,WTI,$US/bbl,29.39,9/23/2021 3:36:40 PM
172238,1/1/2003 12:00:00 AM,WTI,$US/bbl,32.7,9/23/2021 3:36:40 PM
172239,2/1/2003 12:00:00 AM,WTI,$US/bbl,35.73,9/23/2021 3:36:40 PM
172240,3/1/2003 12:00:00 AM,WTI,$US/bbl,33.16,9/23/2021 3:36:40 PM
172241,4/1/2003 12:00:00 AM,WTI,$US/bbl,28.14,9/23/2021 3:36:40 PM
172242,5/1/2003 12:00:00 AM,WTI,$US/bbl,28.07,9/23/2021 3:36:40 PM
172243,6/1/2003 12:00:00 AM,WTI,$US/bbl,30.52,9/23/2021 3:36:40 PM
172244,7/1/2003 12:00:00 AM,WTI,$US/bbl,30.7,9/23/2021 3:36:40 PM
172245,8/1/2003 12:00:00 AM,WTI,$US/bbl,31.6,9/23/2021 3:36:40 PM
172246,9/1/2003 12:00:00 AM,WTI,$US/bbl,28.31,9/23/2021 3:36:40 PM
172247,10/1/2003 12:00:00 AM,WTI,$US/bbl,30.35,9/23/2021 3:36:40 PM
172248,11/1/2003 12:00:00 AM,WTI,$US/bbl,31.06,9/23/2021 3:36:40 PM
172249,12/1/2003 12:00:00 AM,WTI,$US/bbl,32.14,9/23/2021 3:36:40 PM
172250,1/1/2004 12:00:00 AM,WTI,$US/bbl,34.22,9/23/2021 3:36:40 PM
172251,2/1/2004 12:00:00 AM,WTI,$US/bbl,34.5,9/23/2021 3:36:40 PM
172252,3/1/2004 12:00:00 AM,WTI,$US/bbl,36.72,9/23/2021 3:36:40 PM
172253,4/1/2004 12:00:00 AM,WTI,$US/bbl,36.62,9/23/2021 3:36:40 PM
172254,5/1/2004 12:00:00 AM,WTI,$US/bbl,40.28,9/23/2021 3:36:40 PM
172255,6/1/2004 12:00:00 AM,WTI,$US/bbl,38.05,9/23/2021 3:36:40 PM
172256,7/1/2004 12:00:00 AM,WTI,$US/bbl,40.81,9/23/2021 3:36:40 PM
172257,8/1/2004 12:00:00 AM,WTI,$US/bbl,44.88,9/23/2021 3:36:40 PM
172258,9/1/2004 12:00:00 AM,WTI,$US/bbl,45.94,9/23/2021 3:36:40 PM
172259,10/1/2004 12:00:00 AM,WTI,$US/bbl,53.09,9/23/2021 3:36:40 PM
172260,11/1/2004 12:00:00 AM,WTI,$US/bbl,48.48,9/23/2021 3:36:40 PM
172261,12/1/2004 12:00:00 AM,WTI,$US/bbl,43.26,9/23/2021 3:36:40 PM
172262,1/1/2005 12:00:00 AM,WTI,$US/bbl,46.85,9/23/2021 3:36:40 PM
172263,2/1/2005 12:00:00 AM,WTI,$US/bbl,48.05,9/23/2021 3:36:40 PM
172264,3/1/2005 12:00:00 AM,WTI,$US/bbl,54.63,9/23/2021 3:36:40 PM
172265,4/1/2005 12:00:00 AM,WTI,$US/bbl,53.22,9/23/2021 3:36:40 PM
172266,5/1/2005 12:00:00 AM,WTI,$US/bbl,49.87,9/23/2021 3:36:40 PM
172267,6/1/2005 12:00:00 AM,WTI,$US/bbl,56.42,9/23/2021 3:36:40 PM
172268,7/1/2005 12:00:00 AM,WTI,$US/bbl,59.03,9/23/2021 3:36:40 PM
172269,8/1/2005 12:00:00 AM,WTI,$US/bbl,64.99,9/23/2021 3:36:40 PM
172270,9/1/2005 12:00:00 AM,WTI,$US/bbl,65.55,9/23/2021 3:36:40 PM
172271,10/1/2005 12:00:00 AM,WTI,$US/bbl,62.27,9/23/2021 3:36:40 PM
172272,11/1/2005 12:00:00 AM,WTI,$US/bbl,58.34,9/23/2021 3:36:40 PM
172273,12/1/2005 12:00:00 AM,WTI,$US/bbl,59.45,9/23/2021 3:36:40 PM
172274,1/1/2006 12:00:00 AM,WTI,$US/bbl,65.54,9/23/2021 3:36:40 PM
172275,2/1/2006 12:00:00 AM,WTI,$US/bbl,61.93,9/23/2021 3:36:40 PM
172276,3/1/2006 12:00:00 AM,WTI,$US/bbl,62.97,9/23/2021 3:36:40 PM
172277,4/1/2006 12:00:00 AM,WTI,$US/bbl,70.16,9/23/2021 3:36:40 PM
172278,5/1/2006 12:00:00 AM,WTI,$US/bbl,70.96,9/23/2021 3:36:40 PM
172279,6/1/2006 12:00:00 AM,WTI,$US/bbl,70.97,9/23/2021 3:36:40 PM
172280,7/1/2006 12:00:00 AM,WTI,$US/bbl,74.46,9/23/2021 3:36:40 PM
172281,8/1/2006 12:00:00 AM,WTI,$US/bbl,73.08,9/23/2021 3:36:40 PM
172282,9/1/2006 12:00:00 AM,WTI,$US/bbl,63.9,9/23/2021 3:36:40 PM
172283,10/1/2006 12:00:00 AM,WTI,$US/bbl,59.14,9/23/2021 3:36:40 PM
172284,11/1/2006 12:00:00 AM,WTI,$US/bbl,59.4,9/23/2021 3:36:40 PM
172285,12/1/2006 12:00:00 AM,WTI,$US/bbl,62.09,9/23/2021 3:36:40 PM
172286,1/1/2007 12:00:00 AM,WTI,$US/bbl,54.35,9/23/2021 3:36:40 PM
172287,2/1/2007 12:00:00 AM,WTI,$US/bbl,59.39,9/23/2021 3:36:40 PM
172288,3/1/2007 12:00:00 AM,WTI,$US/bbl,60.74,9/23/2021 3:36:40 PM
172289,4/1/2007 12:00:00 AM,WTI,$US/bbl,64.04,9/23/2021 3:36:40 PM
172290,5/1/2007 12:00:00 AM,WTI,$US/bbl,63.53,9/23/2021 3:36:40 PM
172291,6/1/2007 12:00:00 AM,WTI,$US/bbl,67.53,9/23/2021 3:36:40 PM
172292,7/1/2007 12:00:00 AM,WTI,$US/bbl,74.15,9/23/2021 3:36:40 PM
172293,8/1/2007 12:00:00 AM,WTI,$US/bbl,72.36,9/23/2021 3:36:40 PM
172294,9/1/2007 12:00:00 AM,WTI,$US/bbl,79.63,9/23/2021 3:36:40 PM
172295,10/1/2007 12:00:00 AM,WTI,$US/bbl,85.66,9/23/2021 3:36:40 PM
172296,11/1/2007 12:00:00 AM,WTI,$US/bbl,94.63,9/23/2021 3:36:40 PM
172297,12/1/2007 12:00:00 AM,WTI,$US/bbl,91.74,9/23/2021 3:36:40 PM
172298,1/1/2008 12:00:00 AM,WTI,$US/bbl,92.93,9/23/2021 3:36:40 PM
172299,2/1/2008 12:00:00 AM,WTI,$US/bbl,95.35,9/23/2021 3:36:40 PM
172300,3/1/2008 12:00:00 AM,WTI,$US/bbl,105.42,9/23/2021 3:36:40 PM
172301,4/1/2008 12:00:00 AM,WTI,$US/bbl,112.46,9/23/2021 3:36:40 PM
172302,5/1/2008 12:00:00 AM,WTI,$US/bbl,125.46,9/23/2021 3:36:40 PM
172303,6/1/2008 12:00:00 AM,WTI,$US/bbl,134.02,9/23/2021 3:36:40 PM
172304,7/1/2008 12:00:00 AM,WTI,$US/bbl,133.48,9/23/2021 3:36:40 PM
172305,8/1/2008 12:00:00 AM,WTI,$US/bbl,116.69,9/23/2021 3:36:41 PM
172306,9/1/2008 12:00:00 AM,WTI,$US/bbl,103.76,9/23/2021 3:36:41 PM
172307,10/1/2008 12:00:00 AM,WTI,$US/bbl,76.72,9/23/2021 3:36:41 PM
172308,11/1/2008 12:00:00 AM,WTI,$US/bbl,57.44,9/23/2021 3:36:41 PM
172309,12/1/2008 12:00:00 AM,WTI,$US/bbl,42.04,9/23/2021 3:36:41 PM
172310,1/1/2009 12:00:00 AM,WTI,$US/bbl,41.92,9/23/2021 3:36:41 PM
172311,2/1/2009 12:00:00 AM,WTI,$US/bbl,39.26,9/23/2021 3:36:41 PM
172312,3/1/2009 12:00:00 AM,WTI,$US/bbl,48.06,9/23/2021 3:36:41 PM
172313,4/1/2009 12:00:00 AM,WTI,$US/bbl,49.95,9/23/2021 3:36:41 PM
172314,5/1/2009 12:00:00 AM,WTI,$US/bbl,59.21,9/23/2021 3:36:41 PM
172315,6/1/2009 12:00:00 AM,WTI,$US/bbl,69.7,9/23/2021 3:36:41 PM
172316,7/1/2009 12:00:00 AM,WTI,$US/bbl,64.29,9/23/2021 3:36:41 PM
172317,8/1/2009 12:00:00 AM,WTI,$US/bbl,71.14,9/23/2021 3:36:41 PM
172318,9/1/2009 12:00:00 AM,WTI,$US/bbl,69.47,9/23/2021 3:36:41 PM
172319,10/1/2009 12:00:00 AM,WTI,$US/bbl,75.82,9/23/2021 3:36:41 PM
172320,11/1/2009 12:00:00 AM,WTI,$US/bbl,78.15,9/23/2021 3:36:41 PM
172321,12/1/2009 12:00:00 AM,WTI,$US/bbl,74.6,9/23/2021 3:36:41 PM
172322,1/1/2010 12:00:00 AM,WTI,$US/bbl,78.4,9/23/2021 3:36:41 PM
172323,2/1/2010 12:00:00 AM,WTI,$US/bbl,76.45,9/23/2021 3:36:41 PM
172324,3/1/2010 12:00:00 AM,WTI,$US/bbl,81.29,9/23/2021 3:36:41 PM
172325,4/1/2010 12:00:00 AM,WTI,$US/bbl,84.58,9/23/2021 3:36:41 PM
172326,5/1/2010 12:00:00 AM,WTI,$US/bbl,74.12,9/23/2021 3:36:41 PM
172327,6/1/2010 12:00:00 AM,WTI,$US/bbl,75.41,9/23/2021 3:36:41 PM
172328,7/1/2010 12:00:00 AM,WTI,$US/bbl,76.38,9/23/2021 3:36:41 PM
172329,8/1/2010 12:00:00 AM,WTI,$US/bbl,76.67,9/23/2021 3:36:41 PM
172330,9/1/2010 12:00:00 AM,WTI,$US/bbl,75.55,9/23/2021 3:36:41 PM
172331,10/1/2010 12:00:00 AM,WTI,$US/bbl,81.95,9/23/2021 3:36:41 PM
172332,11/1/2010 12:00:00 AM,WTI,$US/bbl,84.32,9/23/2021 3:36:41 PM
172333,12/1/2010 12:00:00 AM,WTI,$US/bbl,89.23,9/23/2021 3:36:41 PM
172334,1/1/2011 12:00:00 AM,WTI,$US/bbl,89.58,9/23/2021 3:36:41 PM
172335,2/1/2011 12:00:00 AM,WTI,$US/bbl,89.74,9/23/2021 3:36:41 PM
172336,3/1/2011 12:00:00 AM,WTI,$US/bbl,102.98,9/23/2021 3:36:41 PM
172337,4/1/2011 12:00:00 AM,WTI,$US/bbl,110.04,9/23/2021 3:36:41 PM
172338,5/1/2011 12:00:00 AM,WTI,$US/bbl,101.36,9/23/2021 3:36:41 PM
172339,6/1/2011 12:00:00 AM,WTI,$US/bbl,96.29,9/23/2021 3:36:41 PM
172340,7/1/2011 12:00:00 AM,WTI,$US/bbl,97.34,9/23/2021 3:36:41 PM
172341,8/1/2011 12:00:00 AM,WTI,$US/bbl,86.34,9/23/2021 3:36:41 PM
172342,9/1/2011 12:00:00 AM,WTI,$US/bbl,85.61,9/23/2021 3:36:41 PM
172343,10/1/2011 12:00:00 AM,WTI,$US/bbl,86.43,9/23/2021 3:36:41 PM
172344,11/1/2011 12:00:00 AM,WTI,$US/bbl,97.16,9/23/2021 3:36:41 PM
172345,12/1/2011 12:00:00 AM,WTI,$US/bbl,98.58,9/23/2021 3:36:41 PM
172346,1/1/2012 12:00:00 AM,WTI,$US/bbl,100.32,9/23/2021 3:36:41 PM
172347,2/1/2012 12:00:00 AM,WTI,$US/bbl,102.26,9/23/2021 3:36:41 PM
172348,3/1/2012 12:00:00 AM,WTI,$US/bbl,106.21,9/23/2021 3:36:41 PM
172349,4/1/2012 12:00:00 AM,WTI,$US/bbl,103.35,9/23/2021 3:36:41 PM
172350,5/1/2012 12:00:00 AM,WTI,$US/bbl,94.72,9/23/2021 3:36:41 PM
172351,6/1/2012 12:00:00 AM,WTI,$US/bbl,82.41,9/23/2021 3:36:41 PM
172352,7/1/2012 12:00:00 AM,WTI,$US/bbl,87.93,9/23/2021 3:36:41 PM
172353,8/1/2012 12:00:00 AM,WTI,$US/bbl,94.16,9/23/2021 3:36:41 PM
172354,9/1/2012 12:00:00 AM,WTI,$US/bbl,94.56,9/23/2021 3:36:41 PM
172355,10/1/2012 12:00:00 AM,WTI,$US/bbl,89.57,9/23/2021 3:36:41 PM
172356,11/1/2012 12:00:00 AM,WTI,$US/bbl,86.73,9/23/2021 3:36:41 PM
172357,12/1/2012 12:00:00 AM,WTI,$US/bbl,88.25,9/23/2021 3:36:41 PM
172358,1/1/2013 12:00:00 AM,WTI,$US/bbl,94.83,9/23/2021 3:36:41 PM
172359,2/1/2013 12:00:00 AM,WTI,$US/bbl,95.32,9/23/2021 3:36:41 PM
172360,3/1/2013 12:00:00 AM,WTI,$US/bbl,92.96,9/23/2021 3:36:41 PM
172361,4/1/2013 12:00:00 AM,WTI,$US/bbl,92.07,9/23/2021 3:36:41 PM
172362,5/1/2013 12:00:00 AM,WTI,$US/bbl,94.8,9/23/2021 3:36:41 PM
172363,6/1/2013 12:00:00 AM,WTI,$US/bbl,95.8,9/23/2021 3:36:41 PM
172364,7/1/2013 12:00:00 AM,WTI,$US/bbl,104.7,9/23/2021 3:36:41 PM
172365,8/1/2013 12:00:00 AM,WTI,$US/bbl,106.54,9/23/2021 3:36:41 PM
172366,9/1/2013 12:00:00 AM,WTI,$US/bbl,106.24,9/23/2021 3:36:41 PM
172367,10/1/2013 12:00:00 AM,WTI,$US/bbl,100.55,9/23/2021 3:36:41 PM
172368,11/1/2013 12:00:00 AM,WTI,$US/bbl,93.93,9/23/2021 3:36:41 PM
172369,12/1/2013 12:00:00 AM,WTI,$US/bbl,97.89,9/23/2021 3:36:41 PM
172370,1/1/2014 12:00:00 AM,WTI,$US/bbl,94.86,9/23/2021 3:36:41 PM
172371,2/1/2014 12:00:00 AM,WTI,$US/bbl,100.68,9/23/2021 3:36:41 PM
172372,3/1/2014 12:00:00 AM,WTI,$US/bbl,100.51,9/23/2021 3:36:41 PM
172373,4/1/2014 12:00:00 AM,WTI,$US/bbl,102.04,9/23/2021 3:36:41 PM
172374,5/1/2014 12:00:00 AM,WTI,$US/bbl,101.8,9/23/2021 3:36:41 PM
172375,6/1/2014 12:00:00 AM,WTI,$US/bbl,105.15,9/23/2021 3:36:41 PM
172376,7/1/2014 12:00:00 AM,WTI,$US/bbl,102.39,9/23/2021 3:36:41 PM
172377,8/1/2014 12:00:00 AM,WTI,$US/bbl,96.08,9/23/2021 3:36:41 PM
172378,9/1/2014 12:00:00 AM,WTI,$US/bbl,93.03,9/23/2021 3:36:41 PM
172379,10/1/2014 12:00:00 AM,WTI,$US/bbl,84.34,9/23/2021 3:36:41 PM
172380,11/1/2014 12:00:00 AM,WTI,$US/bbl,75.81,9/23/2021 3:36:41 PM
172381,12/1/2014 12:00:00 AM,WTI,$US/bbl,59.29,9/23/2021 3:36:41 PM
172382,1/1/2015 12:00:00 AM,WTI,$US/bbl,47.22,9/23/2021 3:36:41 PM
172383,2/1/2015 12:00:00 AM,WTI,$US/bbl,50.58,9/23/2021 3:36:41 PM
172384,3/1/2015 12:00:00 AM,WTI,$US/bbl,47.82,9/23/2021 3:36:41 PM
172385,4/1/2015 12:00:00 AM,WTI,$US/bbl,54.45,9/23/2021 3:36:41 PM
172386,5/1/2015 12:00:00 AM,WTI,$US/bbl,59.27,9/23/2021 3:36:41 PM
172387,6/1/2015 12:00:00 AM,WTI,$US/bbl,59.82,9/23/2021 3:36:41 PM
172388,7/1/2015 12:00:00 AM,WTI,$US/bbl,50.9,9/23/2021 3:36:41 PM
172389,8/1/2015 12:00:00 AM,WTI,$US/bbl,42.87,9/23/2021 3:36:41 PM
172390,9/1/2015 12:00:00 AM,WTI,$US/bbl,45.48,9/23/2021 3:36:41 PM
172391,10/1/2015 12:00:00 AM,WTI,$US/bbl,46.22,9/23/2021 3:36:41 PM
172392,11/1/2015 12:00:00 AM,WTI,$US/bbl,42.44,9/23/2021 3:36:41 PM
172393,12/1/2015 12:00:00 AM,WTI,$US/bbl,37.19,9/23/2021 3:36:41 PM
172394,1/1/2016 12:00:00 AM,WTI,$US/bbl,31.68,9/23/2021 3:36:41 PM
172395,2/1/2016 12:00:00 AM,WTI,$US/bbl,30.32,9/23/2021 3:36:41 PM
172396,3/1/2016 12:00:00 AM,WTI,$US/bbl,37.55,9/23/2021 3:36:41 PM
172397,4/1/2016 12:00:00 AM,WTI,$US/bbl,40.75,9/23/2021 3:36:41 PM
172398,5/1/2016 12:00:00 AM,WTI,$US/bbl,46.71,9/23/2021 3:36:41 PM
172399,6/1/2016 12:00:00 AM,WTI,$US/bbl,48.76,9/23/2021 3:36:41 PM
172400,7/1/2016 12:00:00 AM,WTI,$US/bbl,44.65,9/23/2021 3:36:41 PM
172401,8/1/2016 12:00:00 AM,WTI,$US/bbl,44.72,9/23/2021 3:36:41 PM
172402,9/1/2016 12:00:00 AM,WTI,$US/bbl,45.18,9/23/2021 3:36:41 PM
172403,10/1/2016 12:00:00 AM,WTI,$US/bbl,49.78,9/23/2021 3:36:41 PM
172404,11/1/2016 12:00:00 AM,WTI,$US/bbl,45.66,9/23/2021 3:36:41 PM
172405,12/1/2016 12:00:00 AM,WTI,$US/bbl,51.97,9/23/2021 3:36:41 PM
172406,1/1/2017 12:00:00 AM,WTI,$US/bbl,52.5,9/23/2021 3:36:41 PM
172407,2/1/2017 12:00:00 AM,WTI,$US/bbl,53.47,9/23/2021 3:36:41 PM
172408,3/1/2017 12:00:00 AM,WTI,$US/bbl,49.33,9/23/2021 3:36:41 PM
172409,4/1/2017 12:00:00 AM,WTI,$US/bbl,51.06,9/23/2021 3:36:41 PM
172410,5/1/2017 12:00:00 AM,WTI,$US/bbl,48.48,9/23/2021 3:36:41 PM
172411,6/1/2017 12:00:00 AM,WTI,$US/bbl,45.18,9/23/2021 3:36:41 PM
172412,7/1/2017 12:00:00 AM,WTI,$US/bbl,46.63,9/23/2021 3:36:41 PM
172413,8/1/2017 12:00:00 AM,WTI,$US/bbl,48.04,9/23/2021 3:36:41 PM
172414,9/1/2017 12:00:00 AM,WTI,$US/bbl,49.82,9/23/2021 3:36:41 PM
172415,10/1/2017 12:00:00 AM,WTI,$US/bbl,51.58,9/23/2021 3:36:41 PM
172416,11/1/2017 12:00:00 AM,WTI,$US/bbl,56.64,9/23/2021 3:36:41 PM
172417,12/1/2017 12:00:00 AM,WTI,$US/bbl,57.95,9/23/2021 3:36:41 PM
172418,1/1/2018 12:00:00 AM,WTI,$US/bbl,63.55,9/23/2021 3:36:41 PM
172419,2/1/2018 12:00:00 AM,WTI,$US/bbl,62.16,9/23/2021 3:36:41 PM
172420,3/1/2018 12:00:00 AM,WTI,$US/bbl,62.87,9/23/2021 3:36:41 PM
172421,4/1/2018 12:00:00 AM,WTI,$US/bbl,66.33,9/23/2021 3:36:41 PM
172422,5/1/2018 12:00:00 AM,WTI,$US/bbl,69.89,9/23/2021 3:36:41 PM
172423,6/1/2018 12:00:00 AM,WTI,$US/bbl,67.32,9/23/2021 3:36:41 PM
172424,7/1/2018 12:00:00 AM,WTI,$US/bbl,70.74,9/23/2021 3:36:41 PM
172425,8/1/2018 12:00:00 AM,WTI,$US/bbl,67.85,9/23/2021 3:36:41 PM
172426,9/1/2018 12:00:00 AM,WTI,$US/bbl,70.07,9/23/2021 3:36:41 PM
172427,10/1/2018 12:00:00 AM,WTI,$US/bbl,70.76,9/23/2021 3:36:41 PM
172428,11/1/2018 12:00:00 AM,WTI,$US/bbl,56.96,9/23/2021 3:36:41 PM
172429,12/1/2018 12:00:00 AM,WTI,$US/bbl,49.52,9/23/2021 3:36:41 PM
172430,1/1/2019 12:00:00 AM,WTI,$US/bbl,51.38,9/23/2021 3:36:41 PM
172431,2/1/2019 12:00:00 AM,WTI,$US/bbl,54.95,9/23/2021 3:36:41 PM
172432,3/1/2019 12:00:00 AM,WTI,$US/bbl,58.15,9/23/2021 3:36:41 PM
172433,4/1/2019 12:00:00 AM,WTI,$US/bbl,63.86,9/23/2021 3:36:41 PM
172434,5/1/2019 12:00:00 AM,WTI,$US/bbl,60.83,9/23/2021 3:36:41 PM
172435,6/1/2019 12:00:00 AM,WTI,$US/bbl,54.66,9/23/2021 3:36:41 PM
172436,7/1/2019 12:00:00 AM,WTI,$US/bbl,57.35,9/23/2021 3:36:41 PM
172437,8/1/2019 12:00:00 AM,WTI,$US/bbl,54.81,9/23/2021 3:36:41 PM
172438,9/1/2019 12:00:00 AM,WTI,$US/bbl,56.95,9/23/2021 3:36:41 PM
172439,10/1/2019 12:00:00 AM,WTI,$US/bbl,53.96,9/23/2021 3:36:41 PM
172440,11/1/2019 12:00:00 AM,WTI,$US/bbl,57.03,9/23/2021 3:36:41 PM
172441,12/1/2019 12:00:00 AM,WTI,$US/bbl,59.88,9/23/2021 3:36:41 PM
172442,1/1/2020 12:00:00 AM,WTI,$US/bbl,57.68,9/23/2021 3:36:41 PM
172443,2/1/2020 12:00:00 AM,WTI,$US/bbl,50.62,9/23/2021 3:36:41 PM
172444,1/1/2005 12:00:00 AM,WCS,$US/bbl,29.42,9/23/2021 3:36:41 PM
172445,2/1/2005 12:00:00 AM,WCS,$US/bbl,28.44,9/23/2021 3:36:41 PM
172446,3/1/2005 12:00:00 AM,WCS,$US/bbl,36.5,9/23/2021 3:36:41 PM
172447,4/1/2005 12:00:00 AM,WCS,$US/bbl,31.02,9/23/2021 3:36:41 PM
172448,5/1/2005 12:00:00 AM,WCS,$US/bbl,27.46,9/23/2021 3:36:41 PM
172449,6/1/2005 12:00:00 AM,WCS,$US/bbl,38.16,9/23/2021 3:36:41 PM
172450,7/1/2005 12:00:00 AM,WCS,$US/bbl,44.78,9/23/2021 3:36:41 PM
172451,8/1/2005 12:00:00 AM,WCS,$US/bbl,48.29,9/23/2021 3:36:41 PM
172452,9/1/2005 12:00:00 AM,WCS,$US/bbl,42.13,9/23/2021 3:36:41 PM
172453,10/1/2005 12:00:00 AM,WCS,$US/bbl,41.52,9/23/2021 3:36:41 PM
172454,11/1/2005 12:00:00 AM,WCS,$US/bbl,34.34,9/23/2021 3:36:41 PM
172455,12/1/2005 12:00:00 AM,WCS,$US/bbl,32.78,9/23/2021 3:36:41 PM
172456,1/1/2006 12:00:00 AM,WCS,$US/bbl,38.8,9/23/2021 3:36:41 PM
172457,2/1/2006 12:00:00 AM,WCS,$US/bbl,28.68,9/23/2021 3:36:41 PM
172458,3/1/2006 12:00:00 AM,WCS,$US/bbl,36.77,9/23/2021 3:36:41 PM
172459,4/1/2006 12:00:00 AM,WCS,$US/bbl,52.02,9/23/2021 3:36:41 PM
172460,5/1/2006 12:00:00 AM,WCS,$US/bbl,57.29,9/23/2021 3:36:41 PM
172461,6/1/2006 12:00:00 AM,WCS,$US/bbl,51.63,9/23/2021 3:36:41 PM
172462,7/1/2006 12:00:00 AM,WCS,$US/bbl,57.93,9/23/2021 3:36:41 PM
172463,8/1/2006 12:00:00 AM,WCS,$US/bbl,55.83,9/23/2021 3:36:41 PM
172464,9/1/2006 12:00:00 AM,WCS,$US/bbl,41.56,9/23/2021 3:36:41 PM
172465,10/1/2006 12:00:00 AM,WCS,$US/bbl,36.9,9/23/2021 3:36:41 PM
172466,11/1/2006 12:00:00 AM,WCS,$US/bbl,39.17,9/23/2021 3:36:41 PM
172467,12/1/2006 12:00:00 AM,WCS,$US/bbl,43.9,9/23/2021 3:36:41 PM
172468,1/1/2007 12:00:00 AM,WCS,$US/bbl,38.05,9/23/2021 3:36:41 PM
172469,2/1/2007 12:00:00 AM,WCS,$US/bbl,44.43,9/23/2021 3:36:41 PM
172470,3/1/2007 12:00:00 AM,WCS,$US/bbl,45.6,9/23/2021 3:36:41 PM
172471,4/1/2007 12:00:00 AM,WCS,$US/bbl,44.03,9/23/2021 3:36:41 PM
172472,5/1/2007 12:00:00 AM,WCS,$US/bbl,46.33,9/23/2021 3:36:41 PM
172473,6/1/2007 12:00:00 AM,WCS,$US/bbl,47.19,9/23/2021 3:36:41 PM
172474,7/1/2007 12:00:00 AM,WCS,$US/bbl,53.06,9/23/2021 3:36:41 PM
172475,8/1/2007 12:00:00 AM,WCS,$US/bbl,52.76,9/23/2021 3:36:41 PM
172476,9/1/2007 12:00:00 AM,WCS,$US/bbl,53,9/23/2021 3:36:41 PM
172477,10/1/2007 12:00:00 AM,WCS,$US/bbl,54.69,9/23/2021 3:36:41 PM
172478,11/1/2007 12:00:00 AM,WCS,$US/bbl,66.29,9/23/2021 3:36:41 PM
172479,12/1/2007 12:00:00 AM,WCS,$US/bbl,50.02,9/23/2021 3:36:41 PM
172480,1/1/2008 12:00:00 AM,WCS,$US/bbl,68.72,9/23/2021 3:36:41 PM
172481,2/1/2008 12:00:00 AM,WCS,$US/bbl,71.75,9/23/2021 3:36:41 PM
172482,3/1/2008 12:00:00 AM,WCS,$US/bbl,88.87,9/23/2021 3:36:41 PM
172483,4/1/2008 12:00:00 AM,WCS,$US/bbl,94.64,9/23/2021 3:36:41 PM
172484,5/1/2008 12:00:00 AM,WCS,$US/bbl,104.28,9/23/2021 3:36:41 PM
172485,6/1/2008 12:00:00 AM,WCS,$US/bbl,108.15,9/23/2021 3:36:41 PM
172486,7/1/2008 12:00:00 AM,WCS,$US/bbl,114.95,9/23/2021 3:36:41 PM
172487,8/1/2008 12:00:00 AM,WCS,$US/bbl,101.1,9/23/2021 3:36:41 PM
172488,9/1/2008 12:00:00 AM,WCS,$US/bbl,83.87,9/23/2021 3:36:41 PM
172489,10/1/2008 12:00:00 AM,WCS,$US/bbl,58.08,9/23/2021 3:36:41 PM
172490,11/1/2008 12:00:00 AM,WCS,$US/bbl,37.54,9/23/2021 3:36:41 PM
172491,12/1/2008 12:00:00 AM,WCS,$US/bbl,23.18,9/23/2021 3:36:41 PM
172492,1/1/2009 12:00:00 AM,WCS,$US/bbl,29.97,9/23/2021 3:36:41 PM
172493,2/1/2009 12:00:00 AM,WCS,$US/bbl,31.71,9/23/2021 3:36:41 PM
172494,3/1/2009 12:00:00 AM,WCS,$US/bbl,40.76,9/23/2021 3:36:41 PM
172495,4/1/2009 12:00:00 AM,WCS,$US/bbl,43.76,9/23/2021 3:36:41 PM
172496,5/1/2009 12:00:00 AM,WCS,$US/bbl,51.64,9/23/2021 3:36:41 PM
172497,6/1/2009 12:00:00 AM,WCS,$US/bbl,61.18,9/23/2021 3:36:41 PM
172498,7/1/2009 12:00:00 AM,WCS,$US/bbl,54.45,9/23/2021 3:36:41 PM
172499,8/1/2009 12:00:00 AM,WCS,$US/bbl,60.57,9/23/2021 3:36:41 PM
172500,9/1/2009 12:00:00 AM,WCS,$US/bbl,59.52,9/23/2021 3:36:41 PM
172501,10/1/2009 12:00:00 AM,WCS,$US/bbl,65.29,9/23/2021 3:36:41 PM
172502,11/1/2009 12:00:00 AM,WCS,$US/bbl,65.04,9/23/2021 3:36:41 PM
172503,12/1/2009 12:00:00 AM,WCS,$US/bbl,61.89,9/23/2021 3:36:41 PM
172504,1/1/2010 12:00:00 AM,WCS,$US/bbl,69.28,9/23/2021 3:36:41 PM
172505,2/1/2010 12:00:00 AM,WCS,$US/bbl,67.91,9/23/2021 3:36:41 PM
172506,3/1/2010 12:00:00 AM,WCS,$US/bbl,71.82,9/23/2021 3:36:41 PM
172507,4/1/2010 12:00:00 AM,WCS,$US/bbl,72.02,9/23/2021 3:36:41 PM
172508,5/1/2010 12:00:00 AM,WCS,$US/bbl,57.49,9/23/2021 3:36:41 PM
172509,6/1/2010 12:00:00 AM,WCS,$US/bbl,62.33,9/23/2021 3:36:41 PM
172510,7/1/2010 12:00:00 AM,WCS,$US/bbl,64.28,9/23/2021 3:36:41 PM
172511,8/1/2010 12:00:00 AM,WCS,$US/bbl,61.93,9/23/2021 3:36:41 PM
172512,9/1/2010 12:00:00 AM,WCS,$US/bbl,55.44,9/23/2021 3:36:41 PM
172513,10/1/2010 12:00:00 AM,WCS,$US/bbl,56.72,9/23/2021 3:36:41 PM
172514,11/1/2010 12:00:00 AM,WCS,$US/bbl,69.56,9/23/2021 3:36:41 PM
172515,12/1/2010 12:00:00 AM,WCS,$US/bbl,74.89,9/23/2021 3:36:41 PM
172516,1/1/2011 12:00:00 AM,WCS,$US/bbl,71.18,9/23/2021 3:36:41 PM
172517,2/1/2011 12:00:00 AM,WCS,$US/bbl,63.42,9/23/2021 3:36:41 PM
172518,3/1/2011 12:00:00 AM,WCS,$US/bbl,79.13,9/23/2021 3:36:41 PM
172519,4/1/2011 12:00:00 AM,WCS,$US/bbl,89.69,9/23/2021 3:36:41 PM
172520,5/1/2011 12:00:00 AM,WCS,$US/bbl,85.66,9/23/2021 3:36:41 PM
172521,6/1/2011 12:00:00 AM,WCS,$US/bbl,79.42,9/23/2021 3:36:41 PM
172522,7/1/2011 12:00:00 AM,WCS,$US/bbl,78.31,9/23/2021 3:36:41 PM
172523,8/1/2011 12:00:00 AM,WCS,$US/bbl,66.51,9/23/2021 3:36:41 PM
172524,9/1/2011 12:00:00 AM,WCS,$US/bbl,71.6,9/23/2021 3:36:41 PM
172525,10/1/2011 12:00:00 AM,WCS,$US/bbl,76.54,9/23/2021 3:36:41 PM
172526,11/1/2011 12:00:00 AM,WCS,$US/bbl,87.32,9/23/2021 3:36:41 PM
172527,12/1/2011 12:00:00 AM,WCS,$US/bbl,86.86,9/23/2021 3:36:41 PM
172528,1/1/2012 12:00:00 AM,WCS,$US/bbl,86.47,9/23/2021 3:36:41 PM
172529,2/1/2012 12:00:00 AM,WCS,$US/bbl,83.04,9/23/2021 3:36:41 PM
172530,3/1/2012 12:00:00 AM,WCS,$US/bbl,75.01,9/23/2021 3:36:41 PM
172531,4/1/2012 12:00:00 AM,WCS,$US/bbl,70.4,9/23/2021 3:36:41 PM
172532,5/1/2012 12:00:00 AM,WCS,$US/bbl,75.1,9/23/2021 3:36:41 PM
172533,6/1/2012 12:00:00 AM,WCS,$US/bbl,66.37,9/23/2021 3:36:41 PM
172534,7/1/2012 12:00:00 AM,WCS,$US/bbl,64.28,9/23/2021 3:36:41 PM
172535,8/1/2012 12:00:00 AM,WCS,$US/bbl,69.03,9/23/2021 3:36:41 PM
172536,9/1/2012 12:00:00 AM,WCS,$US/bbl,78.17,9/23/2021 3:36:41 PM
172537,10/1/2012 12:00:00 AM,WCS,$US/bbl,79.88,9/23/2021 3:36:41 PM
172538,11/1/2012 12:00:00 AM,WCS,$US/bbl,72.47,9/23/2021 3:36:41 PM
172539,12/1/2012 12:00:00 AM,WCS,$US/bbl,57.87,9/23/2021 3:36:41 PM
172540,1/1/2013 12:00:00 AM,WCS,$US/bbl,62.11,9/23/2021 3:36:41 PM
172541,2/1/2013 12:00:00 AM,WCS,$US/bbl,58.4,9/23/2021 3:36:41 PM
172542,3/1/2013 12:00:00 AM,WCS,$US/bbl,66.72,9/23/2021 3:36:41 PM
172543,4/1/2013 12:00:00 AM,WCS,$US/bbl,68.87,9/23/2021 3:36:41 PM
172544,5/1/2013 12:00:00 AM,WCS,$US/bbl,80.93,9/23/2021 3:36:41 PM
172545,6/1/2013 12:00:00 AM,WCS,$US/bbl,75.39,9/23/2021 3:36:41 PM
172546,7/1/2013 12:00:00 AM,WCS,$US/bbl,90.5,9/23/2021 3:36:41 PM
172547,8/1/2013 12:00:00 AM,WCS,$US/bbl,90.97,9/23/2021 3:36:41 PM
172548,9/1/2013 12:00:00 AM,WCS,$US/bbl,83.57,9/23/2021 3:36:41 PM
172549,10/1/2013 12:00:00 AM,WCS,$US/bbl,74.21,9/23/2021 3:36:41 PM
172550,11/1/2013 12:00:00 AM,WCS,$US/bbl,62.62,9/23/2021 3:36:41 PM
172551,12/1/2013 12:00:00 AM,WCS,$US/bbl,58.95,9/23/2021 3:36:41 PM
172552,1/1/2014 12:00:00 AM,WCS,$US/bbl,65.69,9/23/2021 3:36:41 PM
172553,2/1/2014 12:00:00 AM,WCS,$US/bbl,81.54,9/23/2021 3:36:41 PM
172554,3/1/2014 12:00:00 AM,WCS,$US/bbl,79.42,9/23/2021 3:36:41 PM
172555,4/1/2014 12:00:00 AM,WCS,$US/bbl,79.56,9/23/2021 3:36:41 PM
172556,5/1/2014 12:00:00 AM,WCS,$US/bbl,82.72,9/23/2021 3:36:41 PM
172557,6/1/2014 12:00:00 AM,WCS,$US/bbl,86.56,9/23/2021 3:36:41 PM
172558,7/1/2014 12:00:00 AM,WCS,$US/bbl,82.73,9/23/2021 3:36:41 PM
172559,8/1/2014 12:00:00 AM,WCS,$US/bbl,73.89,9/23/2021 3:36:41 PM
172560,9/1/2014 12:00:00 AM,WCS,$US/bbl,74.35,9/23/2021 3:36:41 PM
172561,10/1/2014 12:00:00 AM,WCS,$US/bbl,70.6,9/23/2021 3:36:41 PM
172562,11/1/2014 12:00:00 AM,WCS,$US/bbl,62.87,9/23/2021 3:36:41 PM
172563,12/1/2014 12:00:00 AM,WCS,$US/bbl,43.24,9/23/2021 3:36:41 PM
172564,1/1/2015 12:00:00 AM,WCS,$US/bbl,30.43,9/23/2021 3:36:41 PM
172565,2/1/2015 12:00:00 AM,WCS,$US/bbl,36.52,9/23/2021 3:36:41 PM
172566,3/1/2015 12:00:00 AM,WCS,$US/bbl,34.76,9/23/2021 3:36:41 PM
172567,4/1/2015 12:00:00 AM,WCS,$US/bbl,40.26,9/23/2021 3:36:41 PM
172568,5/1/2015 12:00:00 AM,WCS,$US/bbl,47.5,9/23/2021 3:36:41 PM
172569,6/1/2015 12:00:00 AM,WCS,$US/bbl,51.29,9/23/2021 3:36:41 PM
172570,7/1/2015 12:00:00 AM,WCS,$US/bbl,43.49,9/23/2021 3:36:41 PM
172571,8/1/2015 12:00:00 AM,WCS,$US/bbl,29.48,9/23/2021 3:36:41 PM
172572,9/1/2015 12:00:00 AM,WCS,$US/bbl,26.5,9/23/2021 3:36:41 PM
172573,10/1/2015 12:00:00 AM,WCS,$US/bbl,32.78,9/23/2021 3:36:41 PM
172574,11/1/2015 12:00:00 AM,WCS,$US/bbl,27.78,9/23/2021 3:36:41 PM
172575,12/1/2015 12:00:00 AM,WCS,$US/bbl,22.51,9/23/2021 3:36:41 PM
172576,1/1/2016 12:00:00 AM,WCS,$US/bbl,17.88,9/23/2021 3:36:41 PM
172577,2/1/2016 12:00:00 AM,WCS,$US/bbl,16.3,9/23/2021 3:36:41 PM
172578,3/1/2016 12:00:00 AM,WCS,$US/bbl,23.46,9/23/2021 3:36:41 PM
172579,4/1/2016 12:00:00 AM,WCS,$US/bbl,27.88,9/23/2021 3:36:41 PM
172580,5/1/2016 12:00:00 AM,WCS,$US/bbl,32.52,9/23/2021 3:36:41 PM
172581,6/1/2016 12:00:00 AM,WCS,$US/bbl,36.47,9/23/2021 3:36:41 PM
172582,7/1/2016 12:00:00 AM,WCS,$US/bbl,32.8,9/23/2021 3:36:41 PM
172583,8/1/2016 12:00:00 AM,WCS,$US/bbl,30.9,9/23/2021 3:36:41 PM
172584,9/1/2016 12:00:00 AM,WCS,$US/bbl,30.62,9/23/2021 3:36:41 PM
172585,10/1/2016 12:00:00 AM,WCS,$US/bbl,35.83,9/23/2021 3:36:41 PM
172586,11/1/2016 12:00:00 AM,WCS,$US/bbl,31.89,9/23/2021 3:36:41 PM
172587,12/1/2016 12:00:00 AM,WCS,$US/bbl,37.18,9/23/2021 3:36:41 PM
172588,1/1/2017 12:00:00 AM,WCS,$US/bbl,37.19,9/23/2021 3:36:41 PM
172589,2/1/2017 12:00:00 AM,WCS,$US/bbl,39.14,9/23/2021 3:36:41 PM
172590,3/1/2017 12:00:00 AM,WCS,$US/bbl,35.68,9/23/2021 3:36:41 PM
172591,4/1/2017 12:00:00 AM,WCS,$US/bbl,36.84,9/23/2021 3:36:41 PM
172592,5/1/2017 12:00:00 AM,WCS,$US/bbl,38.84,9/23/2021 3:36:41 PM
172593,6/1/2017 12:00:00 AM,WCS,$US/bbl,35.8,9/23/2021 3:36:41 PM
172594,7/1/2017 12:00:00 AM,WCS,$US/bbl,36.37,9/23/2021 3:36:41 PM
172595,8/1/2017 12:00:00 AM,WCS,$US/bbl,38.5,9/23/2021 3:36:41 PM
172596,9/1/2017 12:00:00 AM,WCS,$US/bbl,39.93,9/23/2021 3:36:41 PM
172597,10/1/2017 12:00:00 AM,WCS,$US/bbl,39.87,9/23/2021 3:36:41 PM
172598,11/1/2017 12:00:00 AM,WCS,$US/bbl,45.52,9/23/2021 3:36:41 PM
172599,12/1/2017 12:00:00 AM,WCS,$US/bbl,44.02,9/23/2021 3:36:41 PM
172600,1/1/2018 12:00:00 AM,WCS,$US/bbl,42.53,9/23/2021 3:36:41 PM
172601,2/1/2018 12:00:00 AM,WCS,$US/bbl,37.72,9/23/2021 3:36:41 PM
172602,3/1/2018 12:00:00 AM,WCS,$US/bbl,35.53,9/23/2021 3:36:41 PM
172603,4/1/2018 12:00:00 AM,WCS,$US/bbl,40.47,9/23/2021 3:36:41 PM
172604,5/1/2018 12:00:00 AM,WCS,$US/bbl,53.25,9/23/2021 3:36:41 PM
172605,6/1/2018 12:00:00 AM,WCS,$US/bbl,52.1,9/23/2021 3:36:41 PM
172606,7/1/2018 12:00:00 AM,WCS,$US/bbl,52.83,9/23/2021 3:36:41 PM
172607,8/1/2018 12:00:00 AM,WCS,$US/bbl,48.55,9/23/2021 3:36:41 PM
172608,9/1/2018 12:00:00 AM,WCS,$US/bbl,40.37,9/23/2021 3:36:41 PM
172609,10/1/2018 12:00:00 AM,WCS,$US/bbl,41.15,9/23/2021 3:36:41 PM
172610,11/1/2018 12:00:00 AM,WCS,$US/bbl,11.03,9/23/2021 3:36:41 PM
172611,12/1/2018 12:00:00 AM,WCS,$US/bbl,5.97,9/23/2021 3:36:41 PM
172612,1/1/2019 12:00:00 AM,WCS,$US/bbl,34.3,9/23/2021 3:36:41 PM
172613,2/1/2019 12:00:00 AM,WCS,$US/bbl,45.33,9/23/2021 3:36:41 PM
172614,3/1/2019 12:00:00 AM,WCS,$US/bbl,48.21,9/23/2021 3:36:41 PM
172615,4/1/2019 12:00:00 AM,WCS,$US/bbl,53.25,9/23/2021 3:36:41 PM
172616,5/1/2019 12:00:00 AM,WCS,$US/bbl,52.44,9/23/2021 3:36:41 PM
172617,6/1/2019 12:00:00 AM,WCS,$US/bbl,41.74,9/23/2021 3:36:41 PM
172618,7/1/2019 12:00:00 AM,WCS,$US/bbl,44.7,9/23/2021 3:36:41 PM
172619,8/1/2019 12:00:00 AM,WCS,$US/bbl,43.1,9/23/2021 3:36:41 PM
172620,9/1/2019 12:00:00 AM,WCS,$US/bbl,44.84,9/23/2021 3:36:41 PM
172621,10/1/2019 12:00:00 AM,WCS,$US/bbl,41.96,9/23/2021 3:36:41 PM
172622,11/1/2019 12:00:00 AM,WCS,$US/bbl,42.32,9/23/2021 3:36:41 PM
172623,12/1/2019 12:00:00 AM,WCS,$US/bbl,39.11,9/23/2021 3:36:41 PM
172624,1/1/2020 12:00:00 AM,WCS,$US/bbl,36.82,9/23/2021 3:36:41 PM
172625,2/1/2020 12:00:00 AM,WCS,$US/bbl,27.28,9/23/2021 3:36:41 PM
172626,1/1/1988 12:00:00 AM,NatGas,$CDN/GJ,1.56,9/23/2021 3:36:41 PM
172627,2/1/1988 12:00:00 AM,NatGas,$CDN/GJ,1.63,9/23/2021 3:36:41 PM
172628,3/1/1988 12:00:00 AM,NatGas,$CDN/GJ,1.6,9/23/2021 3:36:41 PM
172629,4/1/1988 12:00:00 AM,NatGas,$CDN/GJ,1.53,9/23/2021 3:36:41 PM
172630,5/1/1988 12:00:00 AM,NatGas,$CDN/GJ,1.48,9/23/2021 3:36:41 PM
172631,6/1/1988 12:00:00 AM,NatGas,$CDN/GJ,1.46,9/23/2021 3:36:41 PM
172632,7/1/1988 12:00:00 AM,NatGas,$CDN/GJ,1.53,9/23/2021 3:36:41 PM
172633,8/1/1988 12:00:00 AM,NatGas,$CDN/GJ,1.53,9/23/2021 3:36:41 PM
172634,9/1/1988 12:00:00 AM,NatGas,$CDN/GJ,1.53,9/23/2021 3:36:41 PM
172635,10/1/1988 12:00:00 AM,NatGas,$CDN/GJ,1.55,9/23/2021 3:36:41 PM
172636,11/1/1988 12:00:00 AM,NatGas,$CDN/GJ,1.59,9/23/2021 3:36:41 PM
172637,12/1/1988 12:00:00 AM,NatGas,$CDN/GJ,1.61,9/23/2021 3:36:41 PM
172638,1/1/1989 12:00:00 AM,NatGas,$CDN/GJ,1.62,9/23/2021 3:36:41 PM
172639,2/1/1989 12:00:00 AM,NatGas,$CDN/GJ,1.62,9/23/2021 3:36:41 PM
172640,3/1/1989 12:00:00 AM,NatGas,$CDN/GJ,1.58,9/23/2021 3:36:41 PM
172641,4/1/1989 12:00:00 AM,NatGas,$CDN/GJ,1.55,9/23/2021 3:36:41 PM
172642,5/1/1989 12:00:00 AM,NatGas,$CDN/GJ,1.54,9/23/2021 3:36:41 PM
172643,6/1/1989 12:00:00 AM,NatGas,$CDN/GJ,1.5,9/23/2021 3:36:41 PM
172644,7/1/1989 12:00:00 AM,NatGas,$CDN/GJ,1.46,9/23/2021 3:36:41 PM
172645,8/1/1989 12:00:00 AM,NatGas,$CDN/GJ,1.46,9/23/2021 3:36:41 PM
172646,9/1/1989 12:00:00 AM,NatGas,$CDN/GJ,1.47,9/23/2021 3:36:41 PM
172647,10/1/1989 12:00:00 AM,NatGas,$CDN/GJ,1.47,9/23/2021 3:36:41 PM
172648,11/1/1989 12:00:00 AM,NatGas,$CDN/GJ,1.52,9/23/2021 3:36:41 PM
172649,12/1/1989 12:00:00 AM,NatGas,$CDN/GJ,1.55,9/23/2021 3:36:41 PM
172650,1/1/1990 12:00:00 AM,NatGas,$CDN/GJ,1.62,9/23/2021 3:36:41 PM
172651,2/1/1990 12:00:00 AM,NatGas,$CDN/GJ,1.64,9/23/2021 3:36:41 PM
172652,3/1/1990 12:00:00 AM,NatGas,$CDN/GJ,1.59,9/23/2021 3:36:41 PM
172653,4/1/1990 12:00:00 AM,NatGas,$CDN/GJ,1.53,9/23/2021 3:36:41 PM
172654,5/1/1990 12:00:00 AM,NatGas,$CDN/GJ,1.55,9/23/2021 3:36:41 PM
172655,6/1/1990 12:00:00 AM,NatGas,$CDN/GJ,1.5,9/23/2021 3:36:41 PM
172656,7/1/1990 12:00:00 AM,NatGas,$CDN/GJ,1.5,9/23/2021 3:36:41 PM
172657,8/1/1990 12:00:00 AM,NatGas,$CDN/GJ,1.48,9/23/2021 3:36:41 PM
172658,9/1/1990 12:00:00 AM,NatGas,$CDN/GJ,1.48,9/23/2021 3:36:41 PM
172659,10/1/1990 12:00:00 AM,NatGas,$CDN/GJ,1.52,9/23/2021 3:36:41 PM
172660,11/1/1990 12:00:00 AM,NatGas,$CDN/GJ,1.58,9/23/2021 3:36:41 PM
172661,12/1/1990 12:00:00 AM,NatGas,$CDN/GJ,1.64,9/23/2021 3:36:41 PM
172662,1/1/1991 12:00:00 AM,NatGas,$CDN/GJ,1.64,9/23/2021 3:36:41 PM
172663,2/1/1991 12:00:00 AM,NatGas,$CDN/GJ,1.59,9/23/2021 3:36:41 PM
172664,3/1/1991 12:00:00 AM,NatGas,$CDN/GJ,1.49,9/23/2021 3:36:41 PM
172665,4/1/1991 12:00:00 AM,NatGas,$CDN/GJ,1.42,9/23/2021 3:36:41 PM
172666,5/1/1991 12:00:00 AM,NatGas,$CDN/GJ,1.38,9/23/2021 3:36:41 PM
172667,6/1/1991 12:00:00 AM,NatGas,$CDN/GJ,1.3,9/23/2021 3:36:41 PM
172668,7/1/1991 12:00:00 AM,NatGas,$CDN/GJ,1.25,9/23/2021 3:36:41 PM
172669,8/1/1991 12:00:00 AM,NatGas,$CDN/GJ,1.18,9/23/2021 3:36:41 PM
172670,9/1/1991 12:00:00 AM,NatGas,$CDN/GJ,1.18,9/23/2021 3:36:41 PM
172671,10/1/1991 12:00:00 AM,NatGas,$CDN/GJ,1.22,9/23/2021 3:36:41 PM
172672,11/1/1991 12:00:00 AM,NatGas,$CDN/GJ,1.33,9/23/2021 3:36:41 PM
172673,12/1/1991 12:00:00 AM,NatGas,$CDN/GJ,1.36,9/23/2021 3:36:41 PM
172674,1/1/1992 12:00:00 AM,NatGas,$CDN/GJ,1.36,9/23/2021 3:36:41 PM
172675,2/1/1992 12:00:00 AM,NatGas,$CDN/GJ,1.26,9/23/2021 3:36:41 PM
172676,3/1/1992 12:00:00 AM,NatGas,$CDN/GJ,1.22,9/23/2021 3:36:41 PM
172677,4/1/1992 12:00:00 AM,NatGas,$CDN/GJ,1.24,9/23/2021 3:36:41 PM
172678,5/1/1992 12:00:00 AM,NatGas,$CDN/GJ,1.26,9/23/2021 3:36:41 PM
172679,6/1/1992 12:00:00 AM,NatGas,$CDN/GJ,1.28,9/23/2021 3:36:41 PM
172680,7/1/1992 12:00:00 AM,NatGas,$CDN/GJ,1.21,9/23/2021 3:36:41 PM
172681,8/1/1992 12:00:00 AM,NatGas,$CDN/GJ,1.28,9/23/2021 3:36:41 PM
172682,9/1/1992 12:00:00 AM,NatGas,$CDN/GJ,1.28,9/23/2021 3:36:41 PM
172683,10/1/1992 12:00:00 AM,NatGas,$CDN/GJ,1.45,9/23/2021 3:36:41 PM
172684,11/1/1992 12:00:00 AM,NatGas,$CDN/GJ,1.45,9/23/2021 3:36:41 PM
172685,12/1/1992 12:00:00 AM,NatGas,$CDN/GJ,1.44,9/23/2021 3:36:41 PM
172686,1/1/1993 12:00:00 AM,NatGas,$CDN/GJ,1.46,9/23/2021 3:36:41 PM
172687,2/1/1993 12:00:00 AM,NatGas,$CDN/GJ,1.42,9/23/2021 3:36:41 PM
172688,3/1/1993 12:00:00 AM,NatGas,$CDN/GJ,1.47,9/23/2021 3:36:41 PM
172689,4/1/1993 12:00:00 AM,NatGas,$CDN/GJ,1.53,9/23/2021 3:36:41 PM
172690,5/1/1993 12:00:00 AM,NatGas,$CDN/GJ,1.59,9/23/2021 3:36:41 PM
172691,6/1/1993 12:00:00 AM,NatGas,$CDN/GJ,1.56,9/23/2021 3:36:41 PM
172692,7/1/1993 12:00:00 AM,NatGas,$CDN/GJ,1.49,9/23/2021 3:36:41 PM
172693,8/1/1993 12:00:00 AM,NatGas,$CDN/GJ,1.5,9/23/2021 3:36:41 PM
172694,9/1/1993 12:00:00 AM,NatGas,$CDN/GJ,1.55,9/23/2021 3:36:41 PM
172695,10/1/1993 12:00:00 AM,NatGas,$CDN/GJ,1.56,9/23/2021 3:36:41 PM
172696,11/1/1993 12:00:00 AM,NatGas,$CDN/GJ,1.87,9/23/2021 3:36:41 PM
172697,12/1/1993 12:00:00 AM,NatGas,$CDN/GJ,1.94,9/23/2021 3:36:41 PM
172698,1/1/1994 12:00:00 AM,NatGas,$CDN/GJ,1.93,9/23/2021 3:36:41 PM
172699,2/1/1994 12:00:00 AM,NatGas,$CDN/GJ,2.04,9/23/2021 3:36:41 PM
172700,3/1/1994 12:00:00 AM,NatGas,$CDN/GJ,2.07,9/23/2021 3:36:41 PM
172701,4/1/1994 12:00:00 AM,NatGas,$CDN/GJ,1.82,9/23/2021 3:36:41 PM
172702,5/1/1994 12:00:00 AM,NatGas,$CDN/GJ,1.8,9/23/2021 3:36:41 PM
172703,6/1/1994 12:00:00 AM,NatGas,$CDN/GJ,1.66,9/23/2021 3:36:41 PM
172704,7/1/1994 12:00:00 AM,NatGas,$CDN/GJ,1.73,9/23/2021 3:36:41 PM
172705,8/1/1994 12:00:00 AM,NatGas,$CDN/GJ,1.66,9/23/2021 3:36:41 PM
172706,9/1/1994 12:00:00 AM,NatGas,$CDN/GJ,1.5,9/23/2021 3:36:41 PM
172707,10/1/1994 12:00:00 AM,NatGas,$CDN/GJ,1.35,9/23/2021 3:36:41 PM
172708,11/1/1994 12:00:00 AM,NatGas,$CDN/GJ,1.53,9/23/2021 3:36:41 PM
172709,12/1/1994 12:00:00 AM,NatGas,$CDN/GJ,1.56,9/23/2021 3:36:41 PM
172710,1/1/1995 12:00:00 AM,NatGas,$CDN/GJ,1.39,9/23/2021 3:36:41 PM
172711,2/1/1995 12:00:00 AM,NatGas,$CDN/GJ,1.25,9/23/2021 3:36:41 PM
172712,3/1/1995 12:00:00 AM,NatGas,$CDN/GJ,1.2,9/23/2021 3:36:41 PM
172713,4/1/1995 12:00:00 AM,NatGas,$CDN/GJ,1.19,9/23/2021 3:36:41 PM
172714,5/1/1995 12:00:00 AM,NatGas,$CDN/GJ,1.25,9/23/2021 3:36:41 PM
172715,6/1/1995 12:00:00 AM,NatGas,$CDN/GJ,1.27,9/23/2021 3:36:41 PM
172716,7/1/1995 12:00:00 AM,NatGas,$CDN/GJ,1.1,9/23/2021 3:36:41 PM
172717,8/1/1995 12:00:00 AM,NatGas,$CDN/GJ,1.07,9/23/2021 3:36:41 PM
172718,9/1/1995 12:00:00 AM,NatGas,$CDN/GJ,1.2,9/23/2021 3:36:41 PM
172719,10/1/1995 12:00:00 AM,NatGas,$CDN/GJ,1.25,9/23/2021 3:36:41 PM
172720,11/1/1995 12:00:00 AM,NatGas,$CDN/GJ,1.29,9/23/2021 3:36:41 PM
172721,12/1/1995 12:00:00 AM,NatGas,$CDN/GJ,1.39,9/23/2021 3:36:41 PM
172722,1/1/1996 12:00:00 AM,NatGas,$CDN/GJ,1.62,9/23/2021 3:36:41 PM
172723,2/1/1996 12:00:00 AM,NatGas,$CDN/GJ,1.61,9/23/2021 3:36:41 PM
172724,3/1/1996 12:00:00 AM,NatGas,$CDN/GJ,1.6,9/23/2021 3:36:41 PM
172725,4/1/1996 12:00:00 AM,NatGas,$CDN/GJ,1.51,9/23/2021 3:36:41 PM
172726,5/1/1996 12:00:00 AM,NatGas,$CDN/GJ,1.41,9/23/2021 3:36:41 PM
172727,6/1/1996 12:00:00 AM,NatGas,$CDN/GJ,1.37,9/23/2021 3:36:41 PM
172728,7/1/1996 12:00:00 AM,NatGas,$CDN/GJ,1.38,9/23/2021 3:36:41 PM
172729,8/1/1996 12:00:00 AM,NatGas,$CDN/GJ,1.38,9/23/2021 3:36:41 PM
172730,9/1/1996 12:00:00 AM,NatGas,$CDN/GJ,1.2,9/23/2021 3:36:41 PM
172731,10/1/1996 12:00:00 AM,NatGas,$CDN/GJ,1.28,9/23/2021 3:36:41 PM
172732,11/1/1996 12:00:00 AM,NatGas,$CDN/GJ,1.79,9/23/2021 3:36:41 PM
172733,12/1/1996 12:00:00 AM,NatGas,$CDN/GJ,2.36,9/23/2021 3:36:41 PM
172734,1/1/1997 12:00:00 AM,NatGas,$CDN/GJ,2.77,9/23/2021 3:36:41 PM
172735,2/1/1997 12:00:00 AM,NatGas,$CDN/GJ,2.28,9/23/2021 3:36:41 PM
172736,3/1/1997 12:00:00 AM,NatGas,$CDN/GJ,1.39,9/23/2021 3:36:41 PM
172737,4/1/1997 12:00:00 AM,NatGas,$CDN/GJ,1.44,9/23/2021 3:36:41 PM
172738,5/1/1997 12:00:00 AM,NatGas,$CDN/GJ,1.57,9/23/2021 3:36:41 PM
172739,6/1/1997 12:00:00 AM,NatGas,$CDN/GJ,1.65,9/23/2021 3:36:41 PM
172740,7/1/1997 12:00:00 AM,NatGas,$CDN/GJ,1.59,9/23/2021 3:36:41 PM
172741,8/1/1997 12:00:00 AM,NatGas,$CDN/GJ,1.57,9/23/2021 3:36:41 PM
172742,9/1/1997 12:00:00 AM,NatGas,$CDN/GJ,1.73,9/23/2021 3:36:41 PM
172743,10/1/1997 12:00:00 AM,NatGas,$CDN/GJ,2.07,9/23/2021 3:36:41 PM
172744,11/1/1997 12:00:00 AM,NatGas,$CDN/GJ,2.37,9/23/2021 3:36:41 PM
172745,12/1/1997 12:00:00 AM,NatGas,$CDN/GJ,1.95,9/23/2021 3:36:41 PM
172746,1/1/1998 12:00:00 AM,NatGas,$CDN/GJ,1.8,9/23/2021 3:36:41 PM
172747,2/1/1998 12:00:00 AM,NatGas,$CDN/GJ,1.73,9/23/2021 3:36:41 PM
172748,3/1/1998 12:00:00 AM,NatGas,$CDN/GJ,1.71,9/23/2021 3:36:41 PM
172749,4/1/1998 12:00:00 AM,NatGas,$CDN/GJ,1.84,9/23/2021 3:36:41 PM
172750,5/1/1998 12:00:00 AM,NatGas,$CDN/GJ,1.84,9/23/2021 3:36:41 PM
172751,6/1/1998 12:00:00 AM,NatGas,$CDN/GJ,1.71,9/23/2021 3:36:41 PM
172752,7/1/1998 12:00:00 AM,NatGas,$CDN/GJ,1.83,9/23/2021 3:36:41 PM
172753,8/1/1998 12:00:00 AM,NatGas,$CDN/GJ,1.78,9/23/2021 3:36:41 PM
172754,9/1/1998 12:00:00 AM,NatGas,$CDN/GJ,1.56,9/23/2021 3:36:41 PM
172755,10/1/1998 12:00:00 AM,NatGas,$CDN/GJ,1.86,9/23/2021 3:36:41 PM
172756,11/1/1998 12:00:00 AM,NatGas,$CDN/GJ,2.19,9/23/2021 3:36:41 PM
172757,12/1/1998 12:00:00 AM,NatGas,$CDN/GJ,2.22,9/23/2021 3:36:41 PM
172758,1/1/1999 12:00:00 AM,NatGas,$CDN/GJ,2.04,9/23/2021 3:36:41 PM
172759,2/1/1999 12:00:00 AM,NatGas,$CDN/GJ,1.9,9/23/2021 3:36:41 PM
172760,3/1/1999 12:00:00 AM,NatGas,$CDN/GJ,1.8,9/23/2021 3:36:41 PM
172761,4/1/1999 12:00:00 AM,NatGas,$CDN/GJ,1.9,9/23/2021 3:36:41 PM
172762,5/1/1999 12:00:00 AM,NatGas,$CDN/GJ,2.21,9/23/2021 3:36:41 PM
172763,6/1/1999 12:00:00 AM,NatGas,$CDN/GJ,2.22,9/23/2021 3:36:41 PM
172764,7/1/1999 12:00:00 AM,NatGas,$CDN/GJ,2.33,9/23/2021 3:36:41 PM
172765,8/1/1999 12:00:00 AM,NatGas,$CDN/GJ,2.6,9/23/2021 3:36:41 PM
172766,9/1/1999 12:00:00 AM,NatGas,$CDN/GJ,2.86,9/23/2021 3:36:41 PM
172767,10/1/1999 12:00:00 AM,NatGas,$CDN/GJ,2.72,9/23/2021 3:36:41 PM
172768,11/1/1999 12:00:00 AM,NatGas,$CDN/GJ,3.06,9/23/2021 3:36:41 PM
172769,12/1/1999 12:00:00 AM,NatGas,$CDN/GJ,2.54,9/23/2021 3:36:41 PM
172770,1/1/2000 12:00:00 AM,NatGas,$CDN/GJ,2.5,9/23/2021 3:36:41 PM
172771,2/1/2000 12:00:00 AM,NatGas,$CDN/GJ,2.62,9/23/2021 3:36:41 PM
172772,3/1/2000 12:00:00 AM,NatGas,$CDN/GJ,2.72,9/23/2021 3:36:41 PM
172773,4/1/2000 12:00:00 AM,NatGas,$CDN/GJ,3.1,9/23/2021 3:36:41 PM
172774,5/1/2000 12:00:00 AM,NatGas,$CDN/GJ,3.35,9/23/2021 3:36:41 PM
172775,6/1/2000 12:00:00 AM,NatGas,$CDN/GJ,4.33,9/23/2021 3:36:41 PM
172776,7/1/2000 12:00:00 AM,NatGas,$CDN/GJ,4.42,9/23/2021 3:36:41 PM
172777,8/1/2000 12:00:00 AM,NatGas,$CDN/GJ,3.93,9/23/2021 3:36:41 PM
172778,9/1/2000 12:00:00 AM,NatGas,$CDN/GJ,4.66,9/23/2021 3:36:41 PM
172779,10/1/2000 12:00:00 AM,NatGas,$CDN/GJ,5.53,9/23/2021 3:36:41 PM
172780,11/1/2000 12:00:00 AM,NatGas,$CDN/GJ,5.79,9/23/2021 3:36:41 PM
172781,12/1/2000 12:00:00 AM,NatGas,$CDN/GJ,8.28,9/23/2021 3:36:41 PM
172782,1/1/2001 12:00:00 AM,NatGas,$CDN/GJ,11.21,9/23/2021 3:36:41 PM
172783,2/1/2001 12:00:00 AM,NatGas,$CDN/GJ,8.05,9/23/2021 3:36:41 PM
172784,3/1/2001 12:00:00 AM,NatGas,$CDN/GJ,6.48,9/23/2021 3:36:41 PM
172785,4/1/2001 12:00:00 AM,NatGas,$CDN/GJ,6.59,9/23/2021 3:36:41 PM
172786,5/1/2001 12:00:00 AM,NatGas,$CDN/GJ,5.74,9/23/2021 3:36:41 PM
172787,6/1/2001 12:00:00 AM,NatGas,$CDN/GJ,4.44,9/23/2021 3:36:41 PM
172788,7/1/2001 12:00:00 AM,NatGas,$CDN/GJ,3.75,9/23/2021 3:36:41 PM
172789,8/1/2001 12:00:00 AM,NatGas,$CDN/GJ,3.53,9/23/2021 3:36:41 PM
172790,9/1/2001 12:00:00 AM,NatGas,$CDN/GJ,2.76,9/23/2021 3:36:41 PM
172791,10/1/2001 12:00:00 AM,NatGas,$CDN/GJ,2.4,9/23/2021 3:36:41 PM
172792,11/1/2001 12:00:00 AM,NatGas,$CDN/GJ,3.33,9/23/2021 3:36:41 PM
172793,12/1/2001 12:00:00 AM,NatGas,$CDN/GJ,3.2,9/23/2021 3:36:41 PM
172794,1/1/2002 12:00:00 AM,NatGas,$CDN/GJ,3.17,9/23/2021 3:36:41 PM
172795,2/1/2002 12:00:00 AM,NatGas,$CDN/GJ,2.71,9/23/2021 3:36:41 PM
172796,3/1/2002 12:00:00 AM,NatGas,$CDN/GJ,3.23,9/23/2021 3:36:41 PM
172797,4/1/2002 12:00:00 AM,NatGas,$CDN/GJ,3.91,9/23/2021 3:36:41 PM
172798,5/1/2002 12:00:00 AM,NatGas,$CDN/GJ,3.91,9/23/2021 3:36:41 PM
172799,6/1/2002 12:00:00 AM,NatGas,$CDN/GJ,3.54,9/23/2021 3:36:41 PM
172800,7/1/2002 12:00:00 AM,NatGas,$CDN/GJ,3.17,9/23/2021 3:36:41 PM
172801,8/1/2002 12:00:00 AM,NatGas,$CDN/GJ,2.93,9/23/2021 3:36:41 PM
172802,9/1/2002 12:00:00 AM,NatGas,$CDN/GJ,3.51,9/23/2021 3:36:41 PM
172803,10/1/2002 12:00:00 AM,NatGas,$CDN/GJ,4.27,9/23/2021 3:36:41 PM
172804,11/1/2002 12:00:00 AM,NatGas,$CDN/GJ,4.85,9/23/2021 3:36:41 PM
172805,12/1/2002 12:00:00 AM,NatGas,$CDN/GJ,4.94,9/23/2021 3:36:41 PM
172806,1/1/2003 12:00:00 AM,NatGas,$CDN/GJ,5.88,9/23/2021 3:36:41 PM
172807,2/1/2003 12:00:00 AM,NatGas,$CDN/GJ,6.83,9/23/2021 3:36:41 PM
172808,3/1/2003 12:00:00 AM,NatGas,$CDN/GJ,8.94,9/23/2021 3:36:41 PM
172809,4/1/2003 12:00:00 AM,NatGas,$CDN/GJ,5.88,9/23/2021 3:36:41 PM
172810,5/1/2003 12:00:00 AM,NatGas,$CDN/GJ,5.73,9/23/2021 3:36:41 PM
172811,6/1/2003 12:00:00 AM,NatGas,$CDN/GJ,5.93,9/23/2021 3:36:41 PM
172812,7/1/2003 12:00:00 AM,NatGas,$CDN/GJ,5.58,9/23/2021 3:36:41 PM
172813,8/1/2003 12:00:00 AM,NatGas,$CDN/GJ,5.08,9/23/2021 3:36:41 PM
172814,9/1/2003 12:00:00 AM,NatGas,$CDN/GJ,5.19,9/23/2021 3:36:41 PM
172815,10/1/2003 12:00:00 AM,NatGas,$CDN/GJ,4.92,9/23/2021 3:36:41 PM
172816,11/1/2003 12:00:00 AM,NatGas,$CDN/GJ,4.6,9/23/2021 3:36:41 PM
172817,12/1/2003 12:00:00 AM,NatGas,$CDN/GJ,5.11,9/23/2021 3:36:41 PM
172818,1/1/2004 12:00:00 AM,NatGas,$CDN/GJ,6.1,9/23/2021 3:36:41 PM
172819,2/1/2004 12:00:00 AM,NatGas,$CDN/GJ,5.83,9/23/2021 3:36:41 PM
172820,3/1/2004 12:00:00 AM,NatGas,$CDN/GJ,5.49,9/23/2021 3:36:41 PM
172821,4/1/2004 12:00:00 AM,NatGas,$CDN/GJ,5.64,9/23/2021 3:36:41 PM
172822,5/1/2004 12:00:00 AM,NatGas,$CDN/GJ,6.28,9/23/2021 3:36:41 PM
172823,6/1/2004 12:00:00 AM,NatGas,$CDN/GJ,6.47,9/23/2021 3:36:41 PM
172824,7/1/2004 12:00:00 AM,NatGas,$CDN/GJ,6.17,9/23/2021 3:36:41 PM
172825,8/1/2004 12:00:00 AM,NatGas,$CDN/GJ,5.99,9/23/2021 3:36:41 PM
172826,9/1/2004 12:00:00 AM,NatGas,$CDN/GJ,5.21,9/23/2021 3:36:41 PM
172827,10/1/2004 12:00:00 AM,NatGas,$CDN/GJ,5.29,9/23/2021 3:36:41 PM
172828,11/1/2004 12:00:00 AM,NatGas,$CDN/GJ,6.58,9/23/2021 3:36:41 PM
172829,12/1/2004 12:00:00 AM,NatGas,$CDN/GJ,6.7,9/23/2021 3:36:41 PM
172830,1/1/2005 12:00:00 AM,NatGas,$CDN/GJ,6.02,9/23/2021 3:36:41 PM
172831,2/1/2005 12:00:00 AM,NatGas,$CDN/GJ,5.94,9/23/2021 3:36:41 PM
172832,3/1/2005 12:00:00 AM,NatGas,$CDN/GJ,6.3,9/23/2021 3:36:41 PM
172833,4/1/2005 12:00:00 AM,NatGas,$CDN/GJ,6.79,9/23/2021 3:36:41 PM
172834,5/1/2005 12:00:00 AM,NatGas,$CDN/GJ,6.51,9/23/2021 3:36:41 PM
172835,6/1/2005 12:00:00 AM,NatGas,$CDN/GJ,6.34,9/23/2021 3:36:41 PM
172836,7/1/2005 12:00:00 AM,NatGas,$CDN/GJ,6.87,9/23/2021 3:36:41 PM
172837,8/1/2005 12:00:00 AM,NatGas,$CDN/GJ,7.45,9/23/2021 3:36:41 PM
172838,9/1/2005 12:00:00 AM,NatGas,$CDN/GJ,9.46,9/23/2021 3:36:41 PM
172839,10/1/2005 12:00:00 AM,NatGas,$CDN/GJ,11.38,9/23/2021 3:36:41 PM
172840,11/1/2005 12:00:00 AM,NatGas,$CDN/GJ,10.81,9/23/2021 3:36:41 PM
172841,12/1/2005 12:00:00 AM,NatGas,$CDN/GJ,10.54,9/23/2021 3:36:41 PM
172842,1/1/2006 12:00:00 AM,NatGas,$CDN/GJ,9.52,9/23/2021 3:36:41 PM
172843,2/1/2006 12:00:00 AM,NatGas,$CDN/GJ,7.38,9/23/2021 3:36:41 PM
172844,3/1/2006 12:00:00 AM,NatGas,$CDN/GJ,6.47,9/23/2021 3:36:41 PM
172845,4/1/2006 12:00:00 AM,NatGas,$CDN/GJ,6.18,9/23/2021 3:36:41 PM
172846,5/1/2006 12:00:00 AM,NatGas,$CDN/GJ,5.71,9/23/2021 3:36:41 PM
172847,6/1/2006 12:00:00 AM,NatGas,$CDN/GJ,5.29,9/23/2021 3:36:41 PM
172848,7/1/2006 12:00:00 AM,NatGas,$CDN/GJ,5.22,9/23/2021 3:36:41 PM
172849,8/1/2006 12:00:00 AM,NatGas,$CDN/GJ,5.84,9/23/2021 3:36:41 PM
172850,9/1/2006 12:00:00 AM,NatGas,$CDN/GJ,5.12,9/23/2021 3:36:41 PM
172851,10/1/2006 12:00:00 AM,NatGas,$CDN/GJ,4.4,9/23/2021 3:36:41 PM
172852,11/1/2006 12:00:00 AM,NatGas,$CDN/GJ,6.51,9/23/2021 3:36:41 PM
172853,12/1/2006 12:00:00 AM,NatGas,$CDN/GJ,7.05,9/23/2021 3:36:41 PM
172854,1/1/2007 12:00:00 AM,NatGas,$CDN/GJ,6.27,9/23/2021 3:36:41 PM
172855,2/1/2007 12:00:00 AM,NatGas,$CDN/GJ,6.82,9/23/2021 3:36:41 PM
172856,3/1/2007 12:00:00 AM,NatGas,$CDN/GJ,6.92,9/23/2021 3:36:41 PM
172857,4/1/2007 12:00:00 AM,NatGas,$CDN/GJ,6.74,9/23/2021 3:36:41 PM
172858,5/1/2007 12:00:00 AM,NatGas,$CDN/GJ,6.61,9/23/2021 3:36:41 PM
172859,6/1/2007 12:00:00 AM,NatGas,$CDN/GJ,6.21,9/23/2021 3:36:41 PM
172860,7/1/2007 12:00:00 AM,NatGas,$CDN/GJ,5.43,9/23/2021 3:36:41 PM
172861,8/1/2007 12:00:00 AM,NatGas,$CDN/GJ,4.81,9/23/2021 3:36:41 PM
172862,9/1/2007 12:00:00 AM,NatGas,$CDN/GJ,4.42,9/23/2021 3:36:41 PM
172863,10/1/2007 12:00:00 AM,NatGas,$CDN/GJ,6.96,9/23/2021 3:36:41 PM
172864,11/1/2007 12:00:00 AM,NatGas,$CDN/GJ,5.54,9/23/2021 3:36:41 PM
172865,12/1/2007 12:00:00 AM,NatGas,$CDN/GJ,5.85,9/23/2021 3:36:41 PM
172866,1/1/2008 12:00:00 AM,NatGas,$CDN/GJ,6.19,9/23/2021 3:36:41 PM
172867,2/1/2008 12:00:00 AM,NatGas,$CDN/GJ,6.72,9/23/2021 3:36:41 PM
172868,3/1/2008 12:00:00 AM,NatGas,$CDN/GJ,7.52,9/23/2021 3:36:41 PM
172869,4/1/2008 12:00:00 AM,NatGas,$CDN/GJ,8.11,9/23/2021 3:36:41 PM
172870,5/1/2008 12:00:00 AM,NatGas,$CDN/GJ,8.92,9/23/2021 3:36:41 PM
172871,6/1/2008 12:00:00 AM,NatGas,$CDN/GJ,9.87,9/23/2021 3:36:41 PM
172872,7/1/2008 12:00:00 AM,NatGas,$CDN/GJ,9.84,9/23/2021 3:36:41 PM
172873,8/1/2008 12:00:00 AM,NatGas,$CDN/GJ,7.35,9/23/2021 3:36:41 PM
172874,9/1/2008 12:00:00 AM,NatGas,$CDN/GJ,6.28,9/23/2021 3:36:41 PM
172875,10/1/2008 12:00:00 AM,NatGas,$CDN/GJ,6.27,9/23/2021 3:36:41 PM
172876,11/1/2008 12:00:00 AM,NatGas,$CDN/GJ,6.25,9/23/2021 3:36:41 PM
172877,12/1/2008 12:00:00 AM,NatGas,$CDN/GJ,6.36,9/23/2021 3:36:41 PM
172878,1/1/2009 12:00:00 AM,NatGas,$CDN/GJ,5.77,9/23/2021 3:36:41 PM
172879,2/1/2009 12:00:00 AM,NatGas,$CDN/GJ,4.66,9/23/2021 3:36:41 PM
172880,3/1/2009 12:00:00 AM,NatGas,$CDN/GJ,4.01,9/23/2021 3:36:41 PM
172881,4/1/2009 12:00:00 AM,NatGas,$CDN/GJ,3.41,9/23/2021 3:36:41 PM
172882,5/1/2009 12:00:00 AM,NatGas,$CDN/GJ,3.13,9/23/2021 3:36:41 PM
172883,6/1/2009 12:00:00 AM,NatGas,$CDN/GJ,2.97,9/23/2021 3:36:41 PM
172884,7/1/2009 12:00:00 AM,NatGas,$CDN/GJ,2.94,9/23/2021 3:36:41 PM
172885,8/1/2009 12:00:00 AM,NatGas,$CDN/GJ,2.72,9/23/2021 3:36:41 PM
172886,9/1/2009 12:00:00 AM,NatGas,$CDN/GJ,2.48,9/23/2021 3:36:41 PM
172887,10/1/2009 12:00:00 AM,NatGas,$CDN/GJ,3.4,9/23/2021 3:36:41 PM
172888,11/1/2009 12:00:00 AM,NatGas,$CDN/GJ,3.77,9/23/2021 3:36:41 PM
172889,12/1/2009 12:00:00 AM,NatGas,$CDN/GJ,4.51,9/23/2021 3:36:41 PM
172890,1/1/2010 12:00:00 AM,NatGas,$CDN/GJ,4.88,9/23/2021 3:36:41 PM
172891,2/1/2010 12:00:00 AM,NatGas,$CDN/GJ,4.68,9/23/2021 3:36:41 PM
172892,3/1/2010 12:00:00 AM,NatGas,$CDN/GJ,4.05,9/23/2021 3:36:41 PM
172893,4/1/2010 12:00:00 AM,NatGas,$CDN/GJ,3.26,9/23/2021 3:36:41 PM
172894,5/1/2010 12:00:00 AM,NatGas,$CDN/GJ,3.37,9/23/2021 3:36:41 PM
172895,6/1/2010 12:00:00 AM,NatGas,$CDN/GJ,3.49,9/23/2021 3:36:41 PM
172896,7/1/2010 12:00:00 AM,NatGas,$CDN/GJ,3.42,9/23/2021 3:36:41 PM
172897,8/1/2010 12:00:00 AM,NatGas,$CDN/GJ,3.25,9/23/2021 3:36:41 PM
172898,9/1/2010 12:00:00 AM,NatGas,$CDN/GJ,3.14,9/23/2021 3:36:41 PM
172899,10/1/2010 12:00:00 AM,NatGas,$CDN/GJ,2.92,9/23/2021 3:36:41 PM
172900,11/1/2010 12:00:00 AM,NatGas,$CDN/GJ,3.04,9/23/2021 3:36:41 PM
172901,12/1/2010 12:00:00 AM,NatGas,$CDN/GJ,3.34,9/23/2021 3:36:41 PM
172902,1/1/2011 12:00:00 AM,NatGas,$CDN/GJ,3.49,9/23/2021 3:36:41 PM
172903,2/1/2011 12:00:00 AM,NatGas,$CDN/GJ,3.4,9/23/2021 3:36:41 PM
172904,3/1/2011 12:00:00 AM,NatGas,$CDN/GJ,3.19,9/23/2021 3:36:41 PM
172905,4/1/2011 12:00:00 AM,NatGas,$CDN/GJ,3.3,9/23/2021 3:36:41 PM
172906,5/1/2011 12:00:00 AM,NatGas,$CDN/GJ,3.39,9/23/2021 3:36:41 PM
172907,6/1/2011 12:00:00 AM,NatGas,$CDN/GJ,3.51,9/23/2021 3:36:41 PM
172908,7/1/2011 12:00:00 AM,NatGas,$CDN/GJ,3.42,9/23/2021 3:36:41 PM
172909,8/1/2011 12:00:00 AM,NatGas,$CDN/GJ,3.32,9/23/2021 3:36:41 PM
172910,9/1/2011 12:00:00 AM,NatGas,$CDN/GJ,3.24,9/23/2021 3:36:41 PM
172911,10/1/2011 12:00:00 AM,NatGas,$CDN/GJ,3.17,9/23/2021 3:36:41 PM
172912,11/1/2011 12:00:00 AM,NatGas,$CDN/GJ,2.99,9/23/2021 3:36:41 PM
172913,12/1/2011 12:00:00 AM,NatGas,$CDN/GJ,2.92,9/23/2021 3:36:41 PM
172914,1/1/2012 12:00:00 AM,NatGas,$CDN/GJ,2.56,9/23/2021 3:36:41 PM
172915,2/1/2012 12:00:00 AM,NatGas,$CDN/GJ,2.13,9/23/2021 3:36:41 PM
172916,3/1/2012 12:00:00 AM,NatGas,$CDN/GJ,1.83,9/23/2021 3:36:41 PM
172917,4/1/2012 12:00:00 AM,NatGas,$CDN/GJ,1.63,9/23/2021 3:36:41 PM
172918,5/1/2012 12:00:00 AM,NatGas,$CDN/GJ,1.58,9/23/2021 3:36:41 PM
172919,6/1/2012 12:00:00 AM,NatGas,$CDN/GJ,1.75,9/23/2021 3:36:41 PM
172920,7/1/2012 12:00:00 AM,NatGas,$CDN/GJ,1.92,9/23/2021 3:36:41 PM
172921,8/1/2012 12:00:00 AM,NatGas,$CDN/GJ,2.05,9/23/2021 3:36:41 PM
172922,9/1/2012 12:00:00 AM,NatGas,$CDN/GJ,1.94,9/23/2021 3:36:41 PM
172923,10/1/2012 12:00:00 AM,NatGas,$CDN/GJ,2.36,9/23/2021 3:36:41 PM
172924,11/1/2012 12:00:00 AM,NatGas,$CDN/GJ,2.9,9/23/2021 3:36:41 PM
172925,12/1/2012 12:00:00 AM,NatGas,$CDN/GJ,2.98,9/23/2021 3:36:41 PM
172926,1/1/2013 12:00:00 AM,NatGas,$CDN/GJ,2.76,9/23/2021 3:36:41 PM
172927,2/1/2013 12:00:00 AM,NatGas,$CDN/GJ,2.69,9/23/2021 3:36:41 PM
172928,3/1/2013 12:00:00 AM,NatGas,$CDN/GJ,2.85,9/23/2021 3:36:41 PM
172929,4/1/2013 12:00:00 AM,NatGas,$CDN/GJ,3.14,9/23/2021 3:36:41 PM
172930,5/1/2013 12:00:00 AM,NatGas,$CDN/GJ,3.24,9/23/2021 3:36:41 PM
172931,6/1/2013 12:00:00 AM,NatGas,$CDN/GJ,3.17,9/23/2021 3:36:41 PM
172932,7/1/2013 12:00:00 AM,NatGas,$CDN/GJ,2.78,9/23/2021 3:36:41 PM
172933,8/1/2013 12:00:00 AM,NatGas,$CDN/GJ,2.37,9/23/2021 3:36:41 PM
172934,9/1/2013 12:00:00 AM,NatGas,$CDN/GJ,2.14,9/23/2021 3:36:41 PM
172935,10/1/2013 12:00:00 AM,NatGas,$CDN/GJ,2.49,9/23/2021 3:36:41 PM
172936,11/1/2013 12:00:00 AM,NatGas,$CDN/GJ,3.06,9/23/2021 3:36:41 PM
172937,12/1/2013 12:00:00 AM,NatGas,$CDN/GJ,3.22,9/23/2021 3:36:41 PM
172938,1/1/2014 12:00:00 AM,NatGas,$CDN/GJ,3.61,9/23/2021 3:36:41 PM
172939,2/1/2014 12:00:00 AM,NatGas,$CDN/GJ,5.2,9/23/2021 3:36:41 PM
172940,3/1/2014 12:00:00 AM,NatGas,$CDN/GJ,4.9,9/23/2021 3:36:41 PM
172941,4/1/2014 12:00:00 AM,NatGas,$CDN/GJ,4.21,9/23/2021 3:36:41 PM
172942,5/1/2014 12:00:00 AM,NatGas,$CDN/GJ,4.21,9/23/2021 3:36:41 PM
172943,6/1/2014 12:00:00 AM,NatGas,$CDN/GJ,4.17,9/23/2021 3:36:41 PM
172944,7/1/2014 12:00:00 AM,NatGas,$CDN/GJ,3.98,9/23/2021 3:36:41 PM
172945,8/1/2014 12:00:00 AM,NatGas,$CDN/GJ,3.63,9/23/2021 3:36:41 PM
172946,9/1/2014 12:00:00 AM,NatGas,$CDN/GJ,3.64,9/23/2021 3:36:41 PM
172947,10/1/2014 12:00:00 AM,NatGas,$CDN/GJ,3.57,9/23/2021 3:36:41 PM
172948,11/1/2014 12:00:00 AM,NatGas,$CDN/GJ,3.47,9/23/2021 3:36:41 PM
172949,12/1/2014 12:00:00 AM,NatGas,$CDN/GJ,3.39,9/23/2021 3:36:41 PM
172950,1/1/2015 12:00:00 AM,NatGas,$CDN/GJ,2.83,9/23/2021 3:36:41 PM
172951,2/1/2015 12:00:00 AM,NatGas,$CDN/GJ,2.51,9/23/2021 3:36:41 PM
172952,3/1/2015 12:00:00 AM,NatGas,$CDN/GJ,2.53,9/23/2021 3:36:41 PM
172953,4/1/2015 12:00:00 AM,NatGas,$CDN/GJ,2.3,9/23/2021 3:36:41 PM
172954,5/1/2015 12:00:00 AM,NatGas,$CDN/GJ,2.33,9/23/2021 3:36:41 PM
172955,6/1/2015 12:00:00 AM,NatGas,$CDN/GJ,2.36,9/23/2021 3:36:41 PM
172956,7/1/2015 12:00:00 AM,NatGas,$CDN/GJ,2.38,9/23/2021 3:36:41 PM
172957,8/1/2015 12:00:00 AM,NatGas,$CDN/GJ,2.56,9/23/2021 3:36:41 PM
172958,9/1/2015 12:00:00 AM,NatGas,$CDN/GJ,2.55,9/23/2021 3:36:41 PM
172959,10/1/2015 12:00:00 AM,NatGas,$CDN/GJ,2.4,9/23/2021 3:36:41 PM
172960,11/1/2015 12:00:00 AM,NatGas,$CDN/GJ,2.21,9/23/2021 3:36:41 PM
172961,12/1/2015 12:00:00 AM,NatGas,$CDN/GJ,2.12,9/23/2021 3:36:41 PM
172962,1/1/2016 12:00:00 AM,NatGas,$CDN/GJ,2.11,9/23/2021 3:36:41 PM
172963,2/1/2016 12:00:00 AM,NatGas,$CDN/GJ,1.82,9/23/2021 3:36:41 PM
172964,3/1/2016 12:00:00 AM,NatGas,$CDN/GJ,1.36,9/23/2021 3:36:41 PM
172965,4/1/2016 12:00:00 AM,NatGas,$CDN/GJ,1.11,9/23/2021 3:36:41 PM
172966,5/1/2016 12:00:00 AM,NatGas,$CDN/GJ,0.94,9/23/2021 3:36:41 PM
172967,6/1/2016 12:00:00 AM,NatGas,$CDN/GJ,1.23,9/23/2021 3:36:41 PM
172968,7/1/2016 12:00:00 AM,NatGas,$CDN/GJ,1.82,9/23/2021 3:36:41 PM
172969,8/1/2016 12:00:00 AM,NatGas,$CDN/GJ,1.82,9/23/2021 3:36:41 PM
172970,9/1/2016 12:00:00 AM,NatGas,$CDN/GJ,2.12,9/23/2021 3:36:41 PM
172971,10/1/2016 12:00:00 AM,NatGas,$CDN/GJ,2.41,9/23/2021 3:36:41 PM
172972,11/1/2016 12:00:00 AM,NatGas,$CDN/GJ,2.48,9/23/2021 3:36:41 PM
172973,12/1/2016 12:00:00 AM,NatGas,$CDN/GJ,2.75,9/23/2021 3:36:41 PM
172974,1/1/2017 12:00:00 AM,NatGas,$CDN/GJ,2.86,9/23/2021 3:36:41 PM
172975,2/1/2017 12:00:00 AM,NatGas,$CDN/GJ,2.39,9/23/2021 3:36:41 PM
172976,3/1/2017 12:00:00 AM,NatGas,$CDN/GJ,2.2,9/23/2021 3:36:41 PM
172977,4/1/2017 12:00:00 AM,NatGas,$CDN/GJ,2.34,9/23/2021 3:36:41 PM
172978,5/1/2017 12:00:00 AM,NatGas,$CDN/GJ,2.46,9/23/2021 3:36:41 PM
172979,6/1/2017 12:00:00 AM,NatGas,$CDN/GJ,2.39,9/23/2021 3:36:41 PM
172980,7/1/2017 12:00:00 AM,NatGas,$CDN/GJ,1.83,9/23/2021 3:36:41 PM
172981,8/1/2017 12:00:00 AM,NatGas,$CDN/GJ,1.72,9/23/2021 3:36:41 PM
172982,9/1/2017 12:00:00 AM,NatGas,$CDN/GJ,1.2,9/23/2021 3:36:41 PM
172983,10/1/2017 12:00:00 AM,NatGas,$CDN/GJ,1.11,9/23/2021 3:36:41 PM
172984,11/1/2017 12:00:00 AM,NatGas,$CDN/GJ,1.92,9/23/2021 3:36:41 PM
172985,12/1/2017 12:00:00 AM,NatGas,$CDN/GJ,1.82,9/23/2021 3:36:41 PM
172986,1/1/2018 12:00:00 AM,NatGas,$CDN/GJ,1.74,9/23/2021 3:36:41 PM
172987,2/1/2018 12:00:00 AM,NatGas,$CDN/GJ,1.76,9/23/2021 3:36:41 PM
172988,3/1/2018 12:00:00 AM,NatGas,$CDN/GJ,1.54,9/23/2021 3:36:41 PM
172989,4/1/2018 12:00:00 AM,NatGas,$CDN/GJ,1.26,9/23/2021 3:36:41 PM
172990,5/1/2018 12:00:00 AM,NatGas,$CDN/GJ,0.78,9/23/2021 3:36:41 PM
172991,6/1/2018 12:00:00 AM,NatGas,$CDN/GJ,0.75,9/23/2021 3:36:41 PM
172992,7/1/2018 12:00:00 AM,NatGas,$CDN/GJ,1.14,9/23/2021 3:36:41 PM
172993,8/1/2018 12:00:00 AM,NatGas,$CDN/GJ,0.94,9/23/2021 3:36:41 PM
172994,9/1/2018 12:00:00 AM,NatGas,$CDN/GJ,1.03,9/23/2021 3:36:41 PM
172995,10/1/2018 12:00:00 AM,NatGas,$CDN/GJ,1.21,9/23/2021 3:36:41 PM
172996,11/1/2018 12:00:00 AM,NatGas,$CDN/GJ,1.59,9/23/2021 3:36:41 PM
172997,12/1/2018 12:00:00 AM,NatGas,$CDN/GJ,1.69,9/23/2021 3:36:41 PM
172998,1/1/2019 12:00:00 AM,NatGas,$CDN/GJ,1.55,9/23/2021 3:36:41 PM
172999,2/1/2019 12:00:00 AM,NatGas,$CDN/GJ,2.1,9/23/2021 3:36:41 PM
173000,3/1/2019 12:00:00 AM,NatGas,$CDN/GJ,1.99,9/23/2021 3:36:41 PM
173001,4/1/2019 12:00:00 AM,NatGas,$CDN/GJ,0.91,9/23/2021 3:36:41 PM
173002,5/1/2019 12:00:00 AM,NatGas,$CDN/GJ,1.22,9/23/2021 3:36:41 PM
173003,6/1/2019 12:00:00 AM,NatGas,$CDN/GJ,0.55,9/23/2021 3:36:41 PM
173004,7/1/2019 12:00:00 AM,NatGas,$CDN/GJ,0.87,9/23/2021 3:36:41 PM
173005,8/1/2019 12:00:00 AM,NatGas,$CDN/GJ,0.82,9/23/2021 3:36:41 PM
173006,9/1/2019 12:00:00 AM,NatGas,$CDN/GJ,0.76,9/23/2021 3:36:41 PM
173007,10/1/2019 12:00:00 AM,NatGas,$CDN/GJ,1.63,9/23/2021 3:36:41 PM
173008,11/1/2019 12:00:00 AM,NatGas,$CDN/GJ,2.19,9/23/2021 3:36:41 PM
173009,12/1/2019 12:00:00 AM,NatGas,$CDN/GJ,2.22,9/23/2021 3:36:41 PM
173010,1/1/2020 12:00:00 AM,NatGas,$CDN/GJ,2.06,9/23/2021 3:36:41 PM
173011,2/1/2020 12:00:00 AM,NatGas,$CDN/GJ,1.79,9/23/2021 3:36:41 PM
173012,3/1/2020 12:00:00 AM,WTI,$US/bbl,29.21,9/23/2021 3:36:41 PM
173013,3/1/2020 12:00:00 AM,WCS,$US/bbl,12.84,9/23/2021 3:36:41 PM
173014,4/1/2020 12:00:00 AM,WTI,$US/bbl,16.55,9/23/2021 3:36:41 PM
173015,4/1/2020 12:00:00 AM,WCS,$US/bbl,3.5,9/23/2021 3:36:41 PM
173016,3/1/2020 12:00:00 AM,NatGas,$CDN/GJ,1.6,9/23/2021 3:36:41 PM
173017,4/1/2020 12:00:00 AM,NatGas,$CDN/GJ,1.56,9/23/2021 3:36:41 PM
173018,5/1/2020 12:00:00 AM,WTI,$US/bbl,28.56,9/23/2021 3:36:41 PM
173019,5/1/2020 12:00:00 AM,WCS,$US/bbl,11.67,9/23/2021 3:36:41 PM
173020,6/1/2020 12:00:00 AM,WTI,$US/bbl,38.31,9/23/2021 3:36:41 PM
173021,6/1/2020 12:00:00 AM,WCS,$US/bbl,33.97,9/23/2021 3:36:41 PM
173022,5/1/2020 12:00:00 AM,NatGas,$CDN/GJ,1.66,9/23/2021 3:36:41 PM
173023,7/1/2020 12:00:00 AM,WCS,$US/bbl,32.5,9/23/2021 3:36:41 PM
173024,7/1/2020 12:00:00 AM,WTI,$US/bbl,40.71,9/23/2021 3:36:41 PM
173025,6/1/2020 12:00:00 AM,NatGas,$CDN/GJ,1.65,9/23/2021 3:36:41 PM
173026,8/1/2020 12:00:00 AM,WTI,$US/bbl,42.34,9/23/2021 3:36:41 PM
173027,8/1/2020 12:00:00 AM,WCS,$US/bbl,34.6,9/23/2021 3:36:41 PM
173028,7/1/2020 12:00:00 AM,NatGas,$CDN/GJ,1.62,9/23/2021 3:36:41 PM
173029,8/1/2020 12:00:00 AM,NatGas,$CDN/GJ,1.85,9/23/2021 3:36:41 PM
173030,9/1/2020 12:00:00 AM,WCS,$US/bbl,28.43,9/23/2021 3:36:41 PM
173031,9/1/2020 12:00:00 AM,WTI,$US/bbl,39.63,9/23/2021 3:36:41 PM
173032,9/1/2020 12:00:00 AM,NatGas,$CDN/GJ,2,9/23/2021 3:36:41 PM
173033,10/1/2020 12:00:00 AM,WCS,$US/bbl,31.17,9/23/2021 3:36:41 PM
173034,10/1/2020 12:00:00 AM,WTI,$US/bbl,39.4,9/23/2021 3:36:41 PM
173035,11/1/2020 12:00:00 AM,WCS,$US/bbl,31.57,9/23/2021 3:36:41 PM
173036,11/1/2020 12:00:00 AM,WTI,$US/bbl,40.94,9/23/2021 3:36:41 PM
173037,10/1/2020 12:00:00 AM,NatGas,$CDN/GJ,1.99,9/23/2021 3:36:41 PM
173038,11/1/2020 12:00:00 AM,NatGas,$CDN/GJ,2.58,9/23/2021 3:36:41 PM
173039,12/1/2020 12:00:00 AM,WCS,$US/bbl,37.32,9/23/2021 3:36:41 PM
173040,12/1/2020 12:00:00 AM,WTI,$US/bbl,47.02,9/23/2021 3:36:41 PM
173041,12/1/2020 12:00:00 AM,NatGas,$CDN/GJ,2.41,9/23/2021 3:36:41 PM
173042,1/1/2021 12:00:00 AM,WCS,$US/bbl,40.04,9/23/2021 3:36:41 PM
173043,1/1/2021 12:00:00 AM,WTI,$US/bbl,52,9/23/2021 3:36:41 PM
173044,1/1/2021 12:00:00 AM,NatGas,$CDN/GJ,2.32,9/23/2021 3:36:41 PM
173045,2/1/2021 12:00:00 AM,WCS,$US/bbl,45.13,9/23/2021 3:36:41 PM
173046,2/1/2021 12:00:00 AM,WTI,$US/bbl,59.04,9/23/2021 3:36:41 PM
173047,2/1/2021 12:00:00 AM,NatGas,$CDN/GJ,3,9/23/2021 3:36:41 PM
173048,3/1/2021 12:00:00 AM,WCS,$US/bbl,50.94,9/23/2021 3:36:41 PM
173049,3/1/2021 12:00:00 AM,WTI,$US/bbl,62.33,9/23/2021 3:36:41 PM
173050,3/1/2021 12:00:00 AM,NatGas,$CDN/GJ,2.54,9/23/2021 3:36:41 PM
173051,4/1/2021 12:00:00 AM,WCS,$US/bbl,50.51,9/23/2021 3:36:41 PM
173052,4/1/2021 12:00:00 AM,WTI,$US/bbl,61.72,9/23/2021 3:36:41 PM
173053,4/1/2021 12:00:00 AM,NatGas,$CDN/GJ,2.33,9/23/2021 3:36:41 PM
173054,5/1/2021 12:00:00 AM,WTI,$US/bbl,65.17,9/23/2021 3:36:41 PM
173055,5/1/2021 12:00:00 AM,WCS,$US/bbl,54.78,9/23/2021 3:36:41 PM
173056,6/1/2021 12:00:00 AM,WTI,$US/bbl,71.38,9/23/2021 3:36:41 PM
173057,6/1/2021 12:00:00 AM,WCS,$US/bbl,58.46,9/23/2021 3:36:41 PM
173058,5/1/2021 12:00:00 AM,NatGas,$CDN/GJ,2.56,9/23/2021 3:36:41 PM
173059,7/1/2021 12:00:00 AM,WTI,$US/bbl,72.49,9/23/2021 3:36:41 PM
173060,7/1/2021 12:00:00 AM,WCS,$US/bbl,58.46,9/23/2021 3:36:41 PM
173061,6/1/2021 12:00:00 AM,NatGas,$CDN/GJ,2.78,9/23/2021 3:36:41 PM
173062,7/1/2021 12:00:00 AM,NatGas,$CDN/GJ,3.17,9/23/2021 3:36:41 PM
173063,8/1/2021 12:00:00 AM,WTI,$US/bbl,67.73,9/23/2021 3:36:41 PM
173064,8/1/2021 12:00:00 AM,WCS,$US/bbl,54.47,9/23/2021 3:36:41 PM
